id,title,module,section,status,priority,detected_date,detected_time,description,original_test_result,fix_status,fix_time,update,reviewer,fix_note
CON-001,روی اعلان ها که کلیک میکنیم 1 تا 2 ثانیه delay دارد,قراردادها,,Closed,unspecified,1405/03/25,19:10-19-25,روی اعلان ها که کلیک میکنیم 1 تا 2 ثانیه delay دارد,Fail,fixed (pass),00:25,1405/03/26,,روی اعلان ها که کلیک میکنیم 1 تا 2 ثانیه delay دارد
CON-002,وقتی یکبار بر روی ایجاد قرارداد نماینده از صفحه درخواست قراردادها که کلیک میکنیم از سری بعد باید از طریق…,قراردادها,,Closed,unspecified,1405/03/25,,وقتی یکبار بر روی ایجاد قرارداد نماینده از صفحه درخواست قراردادها که کلیک میکنیم از سری بعد باید از طریق قسمت اعلان ها اقدام به درست کردن قرارداد کنیم,Fail,fixed (pass),00:25,1405/03/26,,
CON-003,برای ساخت قرارداد راننده به طور خودکار قالب اشتباه انتخاب میشود,قراردادها,,Closed,unspecified,1405/03/25,,برای ساخت قرارداد راننده به طور خودکار قالب اشتباه انتخاب میشود,Fail,fixed (pass),21:30,,,برای ساخت قرارداد راننده به طور خودکار قالب اشتباه انتخاب میشود
CON-004,قالب قابل تغییر نیست,قراردادها,,Closed,unspecified,1405/03/25,,قالب قابل تغییر نیست,Fail,fixed (pass),21:30,,,قالب قابل تغییر نیست
CON-005,پورسانت نمایندگی در قالب نمایش داده نمیشود,قراردادها,,Closed,major,1405/03/26,22:00,پورسانت نمایندگی در قالب نمایش داده نمیشود,Fail,fixed (pass),,آرون: تیبل تعرفه ها ساخته شد 1405/04/06,,مشکل ماژول تعرفه تخفیف میباشد که تعرفه را ادیت کرده و خراب میکند (اما این مورد باید در دیتابیس قرارداد ها به ازای قالب ها و قرارداد ذخیره گردد تا مشکل دیپندنسی به ماژول تعرفه و تخفیف برای قالب های ساخته شده و قرارداد های ساخته شده حل شود.)
CON-006,محتوای قرارداد در قرارداد راننده هنگام مشاهده و یا مابقی مراحل ناقص نمایش داده میشود,قراردادها,,Closed,major,1405/03/26,01:00,محتوای قرارداد در قرارداد راننده هنگام مشاهده و یا مابقی مراحل ناقص نمایش داده میشود,Fail,fixed (pass),,1405/04/07,,آرون: مشکل زمانی ایجاد میشد که تعداد کاراکترهای متن اصلی از یک تعدادی بیشتر میشد
CON-007,در مدیریت اسناد ،جایگزینی عکس، عکس جدید را نشان نمیدهد…,قراردادها,,Partially Fixed,major,1405/03/26,01:14,در مدیریت اسناد ،جایگزینی عکس، عکس جدید را نشان نمیدهد.و برای پاک کردن به تعداد عکس های جایگزین شده باید از گزینه حذف استفاده کرد.,Fail,partially fixed,,آرون: 500 میخوره 1405/04/06,آریا,آرون: برای جایگزینی عکس باید از /api/v1/file/replace استفاده بشه، api قبلا زده شده بود، فرانت باید فیکس کنه. آپدیت: فیکس شد
CON-008,در قالب نمایندگی،میتوان نوع شخص حقوقی (تیپاکس) را تغییر داد,قراردادها,,Open,medium,1405/03/27,22:10,در قالب نمایندگی،میتوان نوع شخص حقوقی (تیپاکس) را تغییر داد,Fail,,,,میلاد,
CON-009,هنگام ویرایش قالب، فیلدهای پویا ساخته شده نمایش داده نمیشود.,قراردادها,,Closed,unspecified,1405/03/27,22:15,هنگام ویرایش قالب، فیلدهای پویا ساخته شده نمایش داده نمیشود.,Fail,fixed (pass),,,,هنگام ویرایش قالب، فیلدهای پویا ساخته شده نمایش داده نمیشود.
CON-010,وقتی یک فیلد پویا را از لیست فیلدهای پویا پاک میکنیم…,قراردادها,,Closed,unspecified,1405/03/27,17:00,وقتی یک فیلد پویا را از لیست فیلدهای پویا پاک میکنیم،تمامی فیلدهایی که در متن قرارداد تغییر دادیم به حالت قبل برمیگردد.,Fail,fixed (pass),17:45,,,وقتی یک فیلد پویا را از لیست فیلدهای پویا پاک میکنیم،تمامی فیلدهایی که در متن قرارداد تغییر دادیم به حالت قبل برمیگردد.
CON-011,در انتخاب طرفین میتوان نام نماینده را تغییر داد و به مرحله بعد رفت اما در مرحله بعد تاثیری نمیگذارد,قراردادها,,Open,medium,1405/04/03,,در انتخاب طرفین میتوان نام نماینده را تغییر داد و به مرحله بعد رفت اما در مرحله بعد تاثیری نمیگذارد,Fail,,,,آریا,
CON-012,شماره شناسنامه،نام پدر و کد پستی نماینده در فیلدهای پویا به صورت اتوماتیک پر نمیشود,قراردادها,,Closed,major,1405/04/03,,شماره شناسنامه،نام پدر و کد پستی نماینده در فیلدهای پویا به صورت اتوماتیک پر نمیشود,Fail,fixed (pass),,,,شماره شناسنامه،نام پدر و کد پستی نماینده در فیلدهای پویا به صورت اتوماتیک پر نمیشود
CON-013,شماره شناسنامه ضامن اول، شماره شناسنامه تلفن ثابت و تلفن همراه ضامن دوم به صورت اتومات پر نمیشود,قراردادها,,Closed,major,1405/04/03,,شماره شناسنامه ضامن اول، شماره شناسنامه تلفن ثابت و تلفن همراه  ضامن دوم به صورت اتومات پر نمیشود,Fail,fixed (pass),,,,شماره شناسنامه ضامن اول، شماره شناسنامه تلفن ثابت و تلفن همراه  ضامن دوم به صورت اتومات پر نمیشود
CON-014,در مرحله بررسی مسول مربوطه و امضا و همچنین مشاهده قرارداد تکمیل شده…,قراردادها,,Closed,major,1405/04/03,,در مرحله بررسی مسول مربوطه و امضا و همچنین مشاهده قرارداد تکمیل شده،قسمت طرفین قرارداد(آخر صفحه)نام نماینده نشان داده نمیشود,Fail,fixed (pass),,1405/04/07,,
CON-015,وقتی الحاقیه روی قرارداد میزنیم ،باید طرف اول و دوم را مشخص کنیم,قراردادها,,Closed,unspecified,1405/04/03,,وقتی الحاقیه روی قرارداد میزنیم ،باید طرف اول و دوم را مشخص کنیم,Fail,fixed (pass),,1405/04/07,,
CON-016,پس از ثبت قرار داد، قرارداد سمت سامانه نمایندگان فرستاده نمیشود,قراردادها,,Closed,unspecified,1405/04/03,,پس از ثبت قرار داد، قرارداد سمت سامانه نمایندگان فرستاده نمیشود,Fail,fixed (pass),,,,پس از ثبت قرار داد، قرارداد سمت سامانه نمایندگان فرستاده نمیشود
CON-017,در صفحه در خواست قراردادها، وضعیت تمامی نمایندگان فعال میباشد و استتوس دیگری مشاهده نمیشود,قراردادها,,Open,unspecified,1405/04/04,,در صفحه در خواست قراردادها، وضعیت تمامی نمایندگان فعال میباشد و استتوس دیگری مشاهده نمیشود,Fail,,,,آرش,"آرون: برای تست، وضعیت یک نماینده رو به ""غیرفعال"" تغییر بدید (در سامانه نمایندگان) و بعد در قراردادها چک کنید که درست نشون میده یا نه"
CON-018,در مرحله انتخاب طرفین، نمیتوان مشخصات ضامنین را مشاهده کرد…,قراردادها,,Closed,unspecified,1405/04/04,,در مرحله انتخاب طرفین، نمیتوان مشخصات ضامنین را مشاهده کرد.از طریق گزینه تعریف ضامنین میتوان مشاهده کرد که در آنجا شماره شناسنامه، سطح تحصیلات، طرف قرارداد ضامنین نمایش داده نمیشود.,Fail,fixed (pass),,1405/04/07,,آرون: به جز سطح تحصیلات (که از سامانه نمایندگان ارسال نمیشه) باقی موارد کاملند
CON-019,در صفحه انتخاب طرفین،نوع شخص هم کارفرما و هم پیمانکار میتوان نوع شخص را تغییر داد,قراردادها,,Open,unspecified,1405/04/04,,در صفحه انتخاب طرفین،نوع شخص هم کارفرما و هم پیمانکار میتوان نوع شخص را تغییر داد,Fail,,,,میلاد,
CON-020,میتوان برای تیپاکس، ضامن تعریف کرد,قراردادها,,Closed,unspecified,1405/04/04,,میتوان برای تیپاکس، ضامن تعریف کرد,Fail,fixed (pass),,,,
CON-021,وقتی ضامنین از سامانه نمایندگان خوانده میشود،گزینه تعریف ضامنین در صفحه انتخاب طرفین نباید وجود داشته باش…,قراردادها,,Closed,unspecified,1405/04/04,,وقتی ضامنین از سامانه نمایندگان خوانده میشود،گزینه تعریف ضامنین در صفحه انتخاب طرفین نباید وجود داشته باشد.,Fail,fixed (pass),,1405/04/08,,
CON-022,فیلد های پویا نام نمایندگی و کد نمایندگی نمایش داده نمیشود.,قراردادها,,Closed,unspecified,1405/04/04,,فیلد های پویا نام نمایندگی و کد نمایندگی نمایش داده نمیشود.,Fail,fixed (pass),,,,فیلد های پویا نام نمایندگی و کد نمایندگی نمایش داده نمیشود.
CON-023,فیلد پویا تاریخ عقد قرارداد به صورت اتومات پر نمیشود,قراردادها,,Open,unspecified,1405/04/04,,فیلد پویا تاریخ عقد قرارداد به صورت اتومات پر نمیشود,Fail,,,,,
CON-024,پجینیش نوتیف حذف شود,قراردادها,,Closed,unspecified,1405/04/06,,پجینیش نوتیف حذف شود,Fail,fixed (pass),,1405/04/08,,آرون: در سمت بک اند انجام شد 1405/04/06
CON-025,مشخصات ضامنین در صفحه انتخاب طرفین وجود ندارد,قراردادها,,Closed,unspecified,1405/04/06,,مشخصات ضامنین در صفحه انتخاب طرفین وجود ندارد,Fail,fixed (pass),,1405/04/08,,
CON-026,دیتای ضامنین در صفحه افراد حقیقی نمیاد,قراردادها,,Closed,unspecified,1405/04/06,,دیتای ضامنین در صفحه افراد حقیقی نمیاد,Fail,fixed (pass),,1405/04/06,,آرون: همزمان با نماینده، ضامنین هم در منابع قرارداد تعریف میشن
CON-027,در هر مرحله از روند ثبت قرارداد نماینده حتی اگر ذخیره کنیم ولی به یک صفحه دیگری برویم…,قراردادها,,Closed,unspecified,1405/04/06,,در هر مرحله از روند ثبت قرارداد نماینده حتی اگر ذخیره کنیم ولی به یک صفحه دیگری برویم، مراحل را باید از اول طی کرد.,Fail,fixed (pass),,1405/04/07,,در هر مرحله از روند ثبت قرارداد نماینده حتی اگر ذخیره کنیم ولی به یک صفحه دیگری برویم، مراحل را باید از اول طی کرد.
CON-028,گزینه تعریف ضامنین برای هر قراردادی که ضامنین انها از جای دیگر پر میشود برداشته شود,قراردادها,,Closed,unspecified,1405/04/06,,گزینه تعریف ضامنین برای هر قراردادی که ضامنین انها از جای دیگر پر میشود برداشته شود,Fail,fixed (pass),,1405/04/08,,
CON-029,درخواست اصلاح قرارداد را که میزنیم همچنان میتوان ان قرارداد را بدون تغییر تایید کرد,قراردادها,,Open,unspecified,1405/04/06,,درخواست اصلاح قرارداد را که میزنیم همچنان میتوان ان قرارداد را بدون تغییر تایید کرد,Fail,,,,نیاز به مشورت,
CON-030,در کارتابل قراردادها، قسمت سرچ، placeholder عنوان نام نماینده نوشته شود.,قراردادها,,Open,unspecified,1405/04/07,,در کارتابل قراردادها، قسمت سرچ، placeholder عنوان نام نماینده نوشته شود.,Fail,,,,میلاد,
CON-031,در منابع قرارداد قسمت حقیقی، ستون نام و نام خانوادگی جابجا شود,قراردادها,,Open,unspecified,1405/04/07,,در منابع قرارداد قسمت حقیقی، ستون نام و نام خانوادگی جابجا شود,Fail,,,,میلاد,
CON-032,مرحله انتخاب طرفین، از سمت فرانت، اسم نماینده نمیرود..(کلمه نماینده ارسال میشود.),قراردادها,,Closed,unspecified,1405/04/07,,مرحله انتخاب طرفین، از سمت فرانت، اسم نماینده نمیرود..(کلمه نماینده ارسال میشود.),Fail,fixed (pass),,1405/04/08,,
CON-033,نوتیف نماینده جدید نمیاد,قراردادها,,Closed,unspecified,1405/04/07,,نوتیف نماینده جدید نمیاد,Fail,fixed (pass),,1405/04/07,,نوتیف نماینده جدید نمیاد
CON-034,صفحه تکمیل جزییات، وقتی ذخیره را میزنیم وارد مرحله بعدی میشود,قراردادها,,Open,unspecified,1405/04/07,,صفحه تکمیل جزییات، وقتی ذخیره را میزنیم وارد مرحله بعدی میشود,Fail,,,,میلاد,
CON-035,مدارک نماینده نمایش داده نمیشود.,قراردادها,,Closed,unspecified,1405/04/07,,مدارک نماینده نمایش داده نمیشود.,Fail,fixed (pass),,1405/04/07,,مدارک نماینده نمایش داده نمیشود.
CON-036,در الحاقیه طرف اول و دوم اتو فیل نیستند,قراردادها,,Closed,unspecified,1405/04/07,,در الحاقیه طرف اول و دوم اتو فیل نیستند,Fail,fixed (pass),,1405/04/08,,
CON-037,فیلد های پویا رانندگان پر نمیشود.,قراردادها,,Closed,unspecified,1405/04/07,,فیلد های پویا رانندگان پر نمیشود.,Fail,fixed (pass),,,,
CON-038,ضامن راننده نمایش داده نمیشود.,قراردادها,,Closed,unspecified,1405/04/07,,ضامن راننده نمایش داده نمیشود.,Fail,fixed (pass),,,,
CON-039,پس از درخواست اصلاح،امضا قرارداد ارور میدهد,قراردادها,,Closed,unspecified,1405/04/08,,پس از درخواست اصلاح،امضا قرارداد ارور میدهد,Fail,fixed (pass),,1405/04/08,,
CON-040,ضامنین و طرفین در الحاقیه نمایش داده نمیشود,قراردادها,,Closed,unspecified,1405/04/08,,ضامنین و طرفین در الحاقیه نمایش داده نمیشود,Fail,fixed (pass),,1405/04/08,,
CON-041,در قسمت فیلدهای پویا،بعضی از فیلدها دوپلیکیت شده اند.,قراردادها,,Closed,unspecified,1405/04/09,,در قسمت فیلدهای پویا،بعضی از فیلدها دوپلیکیت شده اند.,Fail,fixed (pass),,1405/04/13,,
CON-042,وقتی از درخواست قراردادها یک قرارداد میخواهیم درست کنیم…,قراردادها,,Closed,unspecified,1405/04/10,,وقتی از درخواست قراردادها یک قرارداد میخواهیم درست کنیم،در هر مرحله ای که باشیم وقتی وارد صفحه دیگری شویم ان قرارداد را باید دوباره مراحل را از اول طی کنیم.,Fail,fixed (pass),,,,وقتی از درخواست قراردادها یک قرارداد میخواهیم درست کنیم،در هر مرحله ای که باشیم وقتی وارد صفحه دیگری شویم ان قرارداد را باید دوباره مراحل را از اول طی کنیم.
CON-043,قرارداد را رد میکنیم جایی نمایش داده نمیشود,قراردادها,,Open,unspecified,1405/04/10,,قرارداد را رد میکنیم جایی نمایش داده نمیشود,Fail,,,,,
CON-044,در مرحله امضای طرفین قرارداد راننده، کد ملی امضا کننده(تیپاکس) وشماره تلفن امضا کننده وجود ندارد,قراردادها,,Open,unspecified,1405/04/10,,در مرحله امضای طرفین قرارداد راننده، کد ملی امضا کننده(تیپاکس) وشماره تلفن امضا کننده وجود ندارد,Fail,,,,,
CON-045,فیلد پویا تاریخ تولد قرارداد راننده از جایی خوانده نمیشود,قراردادها,,Open,unspecified,1405/04/10,,فیلد پویا تاریخ تولد قرارداد راننده از جایی خوانده نمیشود,Fail,,,,,
CON-046,نوتیف نماینده جدید و درخواست قرارداد فرستاده شده از سمت نمایندگان به درستی کار نمیکند,قراردادها,,Open,unspecified,1405/04/16,,نوتیف نماینده جدید و درخواست قرارداد فرستاده شده از سمت نمایندگان به درستی کار نمیکند,Fail,,,,,
CON-047,در قسمت فیلدهای پویا،بعضی از فیلدها دوپلیکیت شده اند.,قراردادها,,Closed,unspecified,1405/04/16,,در قسمت فیلدهای پویا،بعضی از فیلدها دوپلیکیت شده اند.,Fail,fixed (pass),,,,در قسمت فیلدهای پویا،بعضی از فیلدها دوپلیکیت شده اند.
CON-048,در قسمت الحاقیه، اگر ضامنین تغییر کرده باشند، ضامنین جدید نمایش داده نمیشود.ضامنین قبلی نمایش داده میشود,قراردادها,,Open,unspecified,1405/04/16,,در قسمت الحاقیه، اگر ضامنین تغییر کرده باشند، ضامنین جدید نمایش داده نمیشود.ضامنین قبلی نمایش داده میشود,Fail,,,,,
CON-049,انتخاب طرفین الحاقیه، جای تیپاکس و نماینده بر عکس میباشد,قراردادها,,Closed,unspecified,1405/04/16,,انتخاب طرفین الحاقیه، جای تیپاکس و نماینده بر عکس میباشد,Fail,fixed (pass),1405/04/17,,,انتخاب طرفین الحاقیه، جای تیپاکس و نماینده بر عکس میباشد
CON-050,تبصره و ماده وقتی از تمپلیت حذف میکنیم باز هم نمایش داده میشود.,قراردادها,,Closed,unspecified,1405/04/16,,تبصره و ماده وقتی از تمپلیت حذف میکنیم باز هم نمایش داده میشود.,Fail,fixed (pass),,,,تبصره و ماده وقتی از تمپلیت حذف میکنیم باز هم نمایش داده میشود.
CON-051,هنگام ذخیره چرخه انتخاب شده،ارور 400 میدهد,قراردادها,,Closed,unspecified,1405/04/16,,هنگام ذخیره چرخه انتخاب شده،ارور 400 میدهد,Fail,fixed (pass),,,,هنگام ذخیره چرخه انتخاب شده،ارور 400 میدهد
CON-052,گزینه کد ملی جدید(در صفحه انتخاب طرفین) در قراردادی که از قسمت درخواست قرارداد ایجاد میشود حذف شود,قراردادها,,Closed,unspecified,1405/04/17,,گزینه کد ملی جدید(در صفحه انتخاب طرفین) در قراردادی که از قسمت درخواست قرارداد ایجاد میشود حذف شود,Fail,fixed (pass),1405/04/23,,,گزینه کد ملی جدید(در صفحه انتخاب طرفین) در قراردادی که از قسمت درخواست قرارداد ایجاد میشود حذف شود
CON-053,ایا ضامنین حتما باید امضا کنند یا اختیاری میباشد؟,قراردادها,,Open,unspecified,1405/04/17,,ایا ضامنین حتما باید امضا کنند یا اختیاری میباشد؟,,,,,نیاز به مشورت,
CON-054,در قرارداد راننده، کد ملی و شماره تلفن یکی میباشد,قراردادها,,Closed,unspecified,1405/04/18,,در قرارداد راننده، کد ملی و شماره تلفن یکی میباشد,Fail,fixed (pass),,,,در قرارداد راننده، کد ملی و شماره تلفن یکی میباشد
CON-055,در قسمت مدیریت اسناد، وقتی روی پروفایل یک شخص کلیک میکنیم، صفحه سفید میشود,قراردادها,,Closed,unspecified,1405/04/23,,در قسمت مدیریت اسناد، وقتی روی پروفایل یک شخص کلیک میکنیم، صفحه سفید میشود,Fail,fixed (pass),1405/04/23,,,در قسمت مدیریت اسناد، وقتی روی پروفایل یک شخص کلیک میکنیم، صفحه سفید میشود
CON-056,تو درخواست قراردادها اگر شخص حقوقی باشد شناسه ملی نمایش داده نمیشود و نمیتوان قرارداد ساخت,قراردادها,,Open,unspecified,1405/04/24,,تو درخواست قراردادها اگر شخص حقوقی باشد شناسه ملی نمایش داده نمیشود و نمیتوان قرارداد ساخت,Fail,,,,میلاد,
CON-057,اگر قالبی طرفین داشته باشد ، در صفحه انتخاب طرفین (قرارداد دستی) هیچ اطلاعاتی را نمیتوان پر کرد,قراردادها,,Open,unspecified,1405/04/24,,اگر قالبی طرفین داشته باشد ، در صفحه انتخاب طرفین (قرارداد دستی) هیچ اطلاعاتی را نمیتوان پر کرد,Fail,,,,میلاد,
CON-058,در انتخاب طرفین وقتی ذخیره میزنیم وارد مرحله بعد میشویم.,قراردادها,,Closed,unspecified,1405/04/26,,در انتخاب طرفین وقتی ذخیره میزنیم وارد مرحله بعد میشویم.,Fail,fixed (pass),,,,
CON-059,مدیریت اسناد مدارک نمایش داده نمیشود,قراردادها,,Closed,unspecified,1405/04/26,,مدیریت اسناد مدارک نمایش داده نمیشود,Fail,fixed (pass),,,,مدیریت اسناد مدارک نمایش داده نمیشود
CON-060,در مدیریت اسناد شماره تلفن و کد ملی یکی میباشد,قراردادها,,Closed,unspecified,1405/04/26,,در مدیریت اسناد شماره تلفن و کد ملی یکی میباشد,Fail,fixed (pass),,,,در مدیریت اسناد شماره تلفن و کد ملی یکی میباشد
CON-061,در هنگام ساخت چرخه وقتی یک مرحله را پاک میکنیم دیگر نمیتوان ساخت چرخه را ادامه داد,قراردادها,,Closed,unspecified,1405/04/26,,در هنگام ساخت چرخه وقتی یک مرحله را پاک میکنیم دیگر نمیتوان ساخت چرخه را ادامه داد,Fail,fixed (pass),,,,
CON-062,چرخه پاک نمیشود,قراردادها,,Closed,unspecified,1405/04/26,,چرخه پاک نمیشود,Fail,fixed (pass),,,,
CON-063,وضعیت قرارداد در کارتابل قراردادها درست نیست.یک مرحله جلوتر نمایش داده میشود,قراردادها,,Closed,unspecified,1405/04/26,,وضعیت قرارداد در کارتابل قراردادها درست نیست.یک مرحله جلوتر نمایش داده میشود,Fail,fixed (pass),,,,وضعیت قرارداد در کارتابل قراردادها درست نیست.یک مرحله جلوتر نمایش داده میشود
CON-064,پیام (مرحله 4 قبلا تکمیل شده است) در صفحه تکمیل جزییات پس از زدن دکمه ذخیره برداشته شود,قراردادها,,Open,unspecified,1405/04/26,,پیام (مرحله 4 قبلا تکمیل شده است) در صفحه تکمیل جزییات پس از زدن دکمه ذخیره برداشته شود,Fail,,,,,
CON-065,در صفحه انتخاب چرخه پس از چندین بار عوض کردن قالب…,قراردادها,,Closed,unspecified,1405/04/27,,در صفحه انتخاب چرخه پس از چندین بار عوض کردن قالب،بعد از زدن دکمه تایید و ادامه وارد مرحله بعد میشود و همچنین فیلدهای پویا محتوای قرارداد پر نمیشود,Fail,fixed (pass),,,,در صفحه انتخاب چرخه پس از چندین بار عوض کردن قالب،بعد از زدن دکمه تایید و ادامه وارد مرحله بعد میشود و همچنین فیلدهای پویا محتوای قرارداد پر نمیشود
CON-066,قرارداد امضا شده در قسمت مشاهده قرارداد وجود دارد اما دانلود نمیشود.. ارور 500 خطای داخلی سرور,قراردادها,,Closed,unspecified,1405/04/27,,قرارداد امضا شده در قسمت مشاهده قرارداد وجود دارد اما دانلود نمیشود.. ارور 500 خطای داخلی سرور,Fail,fixed (pass),,,,قرارداد امضا شده در قسمت مشاهده قرارداد وجود دارد اما دانلود نمیشود.. ارور 500 خطای داخلی سرور
CON-067,وقتی یک چرخه را از قالب حذف میکنیم و بروز رسانی انجام میدهیم چرخه حذف نمیشود,قراردادها,,Closed,unspecified,1405/04/27,,وقتی یک چرخه را از قالب حذف میکنیم و بروز رسانی انجام میدهیم چرخه حذف نمیشود,Fail,fixed (pass),,,,وقتی یک چرخه را از قالب حذف میکنیم و بروز رسانی انجام میدهیم چرخه حذف نمیشود
CON-068,اگر چند الحاقیه بزنیم، تمامی انها برچسب version 1 میخورد,قراردادها,,Closed,unspecified,1405/04/27,,اگر چند الحاقیه بزنیم، تمامی انها برچسب version 1 میخورد,Fail,fixed (pass),,,,هر قرارداد ظرفیت تنها یک الحاقیه را دارد بنابراین منطقی است.
CON-069,در محیط پروداکشن بروز رسانی قالب ارور (منبع مورد نظر یافت نشد) میدهد و نمیتوان قالب را به روز رسانی کرد,قراردادها,,Closed,unspecified,1405/04/31,,در محیط پروداکشن بروز رسانی قالب ارور (منبع مورد نظر یافت نشد) میدهد و نمیتوان قالب را به روز رسانی کرد,Fail,fixed (pass),1405/05/28,,,در محیط پروداکشن بروز رسانی قالب ارور (منبع مورد نظر یافت نشد) میدهد و نمیتوان قالب را به روز رسانی کرد
CON-070,قرارداد نماینده ،جای ضامن اول و دوم برعکس میباشد,قراردادها,,Closed,unspecified,1405/05/04,,قرارداد نماینده ،جای ضامن اول و دوم برعکس میباشد,Fail,fixed (pass),,,,
CON-071,هنگام پاک کردن فیلد پویا، حتی اگر در جایی هم در حال استفاده نباشد پس از زدن دکمه حذف…,قراردادها,,Open,unspecified,1405/05/04,,هنگام پاک کردن فیلد پویا، حتی اگر در جایی هم در حال استفاده نباشد پس از زدن دکمه حذف،باید یکبار بروز رسانی انجام شود سپس فیلد پاک میشود,Fail,,,,,به دلیل cache شدن دیتا این مشکل وجود دارد.
CON-072,در محیط پروداکشن وقتی بر روی ذخیره قالب کلیک میکنیم با این ارور روبرو میشویم (قالبی با عنوان 'قرارداد طرا…,قراردادها,,Closed,unspecified,1405/05/04,,"در محیط پروداکشن وقتی بر روی ذخیره قالب کلیک میکنیم با این ارور روبرو میشویم
(قالبی با عنوان 'قرارداد طراحی و توسعه  نیوکور ' و نوع 'Corporate' قبلاً ثبت شده است. لطفاً عنوان یا نوع دیگری انتخاب کنید.)اما بعد از ان قالب ساخته میشود.",Fail,fixed (pass),1405/05/24,,,"در محیط پروداکشن وقتی بر روی ذخیره قالب کلیک میکنیم با این ارور روبرو میشویم
(قالبی با عنوان 'قرارداد طراحی و توسعه  نیوکور ' و نوع 'Corporate' قبلاً ثبت شده است. لطفاً عنوان یا نوع دیگری انتخاب کنید.)اما بعد از ان قالب ساخته میشود."
CON-073,درخواست پودو در سامانه قراردادها نماینده نمایش داده میشود,قراردادها,,Open,unspecified,1405/05/05,,درخواست پودو در سامانه قراردادها نماینده نمایش داده میشود,Fail,,,,,
CON-074,در محیط پروداکشن،طرفین قرارداد ثبت میشود اما پس از ذخیره و ادیت دوباره طرفین حذف میشوند,قراردادها,,Closed,unspecified,1405/05/05,,در محیط پروداکشن،طرفین قرارداد ثبت میشود اما پس از ذخیره و ادیت دوباره طرفین حذف میشوند,Fail,fixed (pass),1405/05/28,,,در محیط پروداکشن،طرفین قرارداد ثبت میشود اما پس از ذخیره و ادیت دوباره طرفین حذف میشوند
CON-075,در محیط پروداکشن، فیلدهای پویا ساخته شده پس از ثبت قالب نمایش داده نمیشود,قراردادها,,Closed,unspecified,1405/05/07,,در محیط پروداکشن، فیلدهای پویا ساخته شده پس از ثبت قالب نمایش داده نمیشود,Fail,fixed (pass),1405/05/28,,,در محیط پروداکشن، فیلدهای پویا ساخته شده پس از ثبت قالب نمایش داده نمیشود
CON-076,هنگام ساختن قرارداد دستی،طرف اول که در قالب انتخاب شده به صورت اتومات در قسمت انتخاب طرفین پر نمیشود,قراردادها,,Open,unspecified,1405/05/20,,هنگام ساختن قرارداد دستی،طرف اول که در قالب انتخاب شده به صورت اتومات در قسمت انتخاب طرفین پر نمیشود,Fail,,,,,
CON-077,هنگام ساخت قالب، وقتی یک جدول درست میکنیم گزینه های مربوط به جدول شامل اضافه کردن ردیف و ستون و یا حذف کر…,قراردادها,,Open,unspecified,1405/05/30,,هنگام ساخت قالب، وقتی یک جدول درست میکنیم گزینه های مربوط به جدول شامل اضافه کردن ردیف و ستون و یا حذف کردن آنها وجود ندارد(محیط پروداکشن و dev),Fail,,,,,
CON-078,فیلد پویا تعرفه وجود ندارد,قراردادها,,Open,unspecified,1405/06/02,,فیلد پویا تعرفه وجود ندارد,Fail,,,,,
CON-079,در صفحه کارتابل قراردادها، طرف اول و طرف دوم، تیپاکس میباشد.,قراردادها,,Open,unspecified,1405/06/03,,در صفحه کارتابل قراردادها، طرف اول و طرف دوم، تیپاکس میباشد.,Fail,,,,,
CON-080,در صفحه مشاهده قرارداد و صفحه امضا قرارداد، طرفین قرارداد چندین بار تکرار می شود.,قراردادها,,Open,unspecified,1405/06/03,,در صفحه مشاهده قرارداد و صفحه امضا قرارداد، طرفین قرارداد چندین بار تکرار می شود.,Fail,,,,,
CON-081,صفحه جزییات قرارداد وقتی ذخیره را میزنیم ارور 504 می دهد اما مرحله تکمیل میشود,قراردادها,,Open,unspecified,1405/06/03,,صفحه جزییات قرارداد وقتی ذخیره را میزنیم ارور 504 می دهد اما مرحله تکمیل میشود,Fail,,,,,
CON-082,وقتی ذخیره محتوا را میزنیم ارور 400 میدهد، اما پس از آن از طریق کارتابل قرارداد ها وارد آن میشویم وارد مر…,قراردادها,,Open,unspecified,1405/06/04,,وقتی ذخیره محتوا را میزنیم ارور 400 میدهد، اما پس از آن از طریق کارتابل قرارداد ها وارد آن میشویم وارد مرحله امضا شده و مرحله تکمیل جزییات را اتوماتیک رد میکند.,Fail,,,,,
CON-083,در محیط پروداکشن(قالب کارپوینت)،طرفین قرارداد ثبت میشود اما پس از ذخیره و ادیت دوباره طرفین حذف میشوند و…,قراردادها,,Open,unspecified,1405/06/09,,در محیط پروداکشن(قالب کارپوینت)،طرفین قرارداد ثبت میشود اما پس از ذخیره و ادیت دوباره طرفین حذف میشوند و همچنین فیلدهای پویا در سمت چپ صفحه تایپ ندارند,Fail,,,,,
CON-084,در محیط پروداکشن، بروز رسانی قالب ارور 502 میدهد,قراردادها,,Open,unspecified,1405/06/09,,در محیط پروداکشن، بروز رسانی قالب ارور 502 میدهد,Fail,,,,,
CON-085,وقتی یک کاربر در بخش مدیریت کاربران میسازیم نمیتوان با آن کاربر وارد سامانه شد,قراردادها,,Closed,unspecified,1405/06/11,,وقتی یک کاربر در بخش مدیریت کاربران میسازیم نمیتوان با آن کاربر وارد سامانه شد,Fail,fixed (pass),,1405/06/16,,فیکس شد.
CON-086,بخش مدیریت کاربران(کاربران):کاربر ساخته شده به اخر لیست میرود,قراردادها,,Closed,unspecified,1405/06/11,,بخش مدیریت کاربران(کاربران):کاربر ساخته شده به اخر لیست میرود,Fail,fixed (pass),,1405/06/22,,مرتب شدن لیست بر اساس ویرایش/ایجاد کاربر ایجاد شد.
CON-087,پروفایل کاربر هیچ اکشنی ندارد,قراردادها,,Open,unspecified,1405/06/11,,پروفایل کاربر هیچ اکشنی ندارد,Fail,,,,,
CON-088,وقتی نام یک کاربر را ویرایش میکنیم،نام کاربر در قسمت پروفایل تغییری نمیکند,قراردادها,,Closed,unspecified,1405/06/11,,وقتی نام یک کاربر را ویرایش میکنیم،نام کاربر در قسمت پروفایل تغییری نمیکند,Fail,fixed (pass),,1405/06/16,,بعد از refresh شدن token تغییر اعمال می شود.
CON-089,صفحه جزییات قرارداد وقتی ذخیره را میزنیم ارور 504 می دهد اما مرحله تکمیل میشود,قراردادها,,Open,unspecified,1405/06/11,,صفحه جزییات قرارداد وقتی ذخیره را میزنیم ارور 504 می دهد اما مرحله تکمیل میشود,Fail,,,,,
CON-090,مدیریت کاربران(کاربران)گزینه بروز رسانی اکشنی ندارد,قراردادها,,Open,unspecified,1405/06/11,,مدیریت کاربران(کاربران)گزینه بروز رسانی اکشنی ندارد,Fail,,,,,
CON-091,مدیریت کاربران(شرکت ها)شرکت درست شده حذف نمیشود…,قراردادها,,Closed,unspecified,1405/06/11,,"مدیریت کاربران(شرکت ها)شرکت درست شده حذف نمیشود..ارور 400 خطا در حذف واحد: ORA-00904: ""FALSE"": invalid identifierhttps://docs.oracle.com/error-help/db/ora-00904/",Fail,fixed (pass),,1405/06/22,,"خطای تبدیل bool به char, فیکس شد."
CON-092,بخش مدیریت کاربران(کاربران):نام کاربر ساخته شده ایمیل میباشد,قراردادها,,Closed,unspecified,1405/06/11,,بخش مدیریت کاربران(کاربران):نام کاربر ساخته شده ایمیل میباشد,Fail,fixed (pass),,1405/06/16,,فیکس شد.
CON-093,در قسمت مدیریت کاربران(سطح دسترسی): وقتی بخش حذف در قالب ها را انتخاب میکنیم…,قراردادها,,Open,unspecified,1405/06/11,,در قسمت مدیریت کاربران(سطح دسترسی): وقتی بخش حذف در قالب ها را انتخاب میکنیم، کاربری که ان گروه دسترسی را به ان assign میکنیم، نمیتواند قالب را حذف کند,Fail,,,,,
CON-094,سطح دسترسی قابلیت حذف ندارد,قراردادها,,Open,unspecified,1405/06/11,,سطح دسترسی قابلیت حذف ندارد,Fail,,,,,
CON-095,کاربران شرکت های مختلف، میتوانند کاربران دیگر شرکت ها را ببینند,قراردادها,,Partially Fixed,unspecified,1405/06/11,,کاربران شرکت های مختلف، میتوانند کاربران دیگر شرکت ها را ببینند,Fail,partially fixed,,1405/06/19,,"فیلترهای اولیه برای کاربران شرکت ها اعمال شده, منابع قرارداد و اعلان ها باقی مانده اند."
CON-096,فرایند هشدار حذف نمیشود.,قراردادها,,Open,unspecified,1405/06/11,,فرایند هشدار حذف نمیشود.,Fail,,,,,
CON-097,لاگین صفحه قراردادها و نمایندگان متفاوت میباشد.هم فونت هم رنگ,قراردادها,,Open,unspecified,1405/06/11,,لاگین صفحه قراردادها و نمایندگان متفاوت میباشد.هم فونت هم رنگ,Fail,,,,,
CON-098,مدیریت کاربران(کاربران) گزینه سرچ ندارد,قراردادها,,Open,unspecified,1405/06/11,,مدیریت کاربران(کاربران) گزینه سرچ ندارد,Fail,,,,,
CON-099,چرخه قراردادها سرچ ندارد,قراردادها,,Open,unspecified,1405/06/11,,چرخه قراردادها سرچ ندارد,Fail,,,,,
CON-100,وقتی از فیلد پویا یک قالب استفاده میکنیم وقالب را ذخیره میکنیم…,قراردادها,,Open,unspecified,1405/06/11,,وقتی از فیلد پویا یک قالب استفاده میکنیم وقالب را ذخیره میکنیم،پس از ان وقتی ادیت قالب را میزنیم فیلد پویا استفاده شده دوپلیکیت میشود,Fail,,,,,
CON-101,گروه بندی قراردادها لیست ندارد.,قراردادها,,Open,unspecified,1405/06/11,,گروه بندی قراردادها لیست ندارد.,Fail,,,,,
CON-102,تقویم کاری هنگام ذخیره افزودن یاداوری ارور خطا در ایجاد یاداوری میدهد.,قراردادها,,Closed,unspecified,1405/06/11,,تقویم کاری هنگام ذخیره افزودن یاداوری ارور خطا در ایجاد یاداوری میدهد.,Fail,fixed (pass),,1405/06/21,,API اشتباهی کال می شد.
CON-103,هنگام انعقاد قرارداد، پس از انتخاب قالب و کلیک بر روی دکمه تایید،خطای ارور سرور میدهد.ارور 500,قراردادها,,Open,unspecified,1405/06/11,,هنگام انعقاد قرارداد، پس از انتخاب قالب و کلیک بر روی دکمه تایید،خطای ارور سرور میدهد.ارور 500,Fail,,,,,
CON-104,ویرایش قرارداد اکشنی ندارد,قراردادها,,Open,unspecified,1405/06/11,,ویرایش قرارداد اکشنی ندارد,Fail,,,,,
CON-105,مدیریت اسناد فیلتر ندارد,قراردادها,,Open,unspecified,1405/06/11,,مدیریت اسناد فیلتر ندارد,Fail,,,,,
CON-106,کارتابل قراردادها فیلتر ندارد,قراردادها,,Open,unspecified,1405/06/11,,کارتابل قراردادها فیلتر ندارد,Fail,,,,,
CON-107,عدم حفظ Pagination پس از بازگشت در تمامی table ها,قراردادها,,Open,unspecified,1405/06/11,,عدم حفظ Pagination پس از بازگشت در تمامی table ها,Fail,,,,,
CON-108,صفحه منابع قرارداد، افراد حقیقی،ویرایش طرف قرارداد،ایمیل و سطح تحصیلات نمایش داده نمیشود.,قراردادها,,Open,unspecified,1405/06/11,,صفحه منابع قرارداد، افراد حقیقی،ویرایش طرف قرارداد،ایمیل و سطح تحصیلات نمایش داده نمیشود.,Fail,,,,,
CON-109,اولویت چرخه ها فرقی باهم ندارند.,قراردادها,,Closed,unspecified,1405/06/11,,اولویت چرخه ها فرقی باهم ندارند.,Fail,fixed (pass),,1405/06/22,,لیست چرخه ها بر اساس اولویت مرتب می شود.
CON-110,مدیریت کاربران، افزودن شرکت فقط ادمین کل باید ببیند,قراردادها,,Partially Fixed,unspecified,1405/06/11,,مدیریت کاربران، افزودن شرکت فقط ادمین کل باید ببیند,Fail,partially fixed,,1405/06/18,,از سمت بک اند فیکس شد.
CON-111,مدیریت کاربران،وقتی یک سطح دسترسی را تغییر میدهیم،پس از ثبت تغییری پیدا نمیکند…,قراردادها,,Open,unspecified,1405/06/11,,مدیریت کاربران،وقتی یک سطح دسترسی را تغییر میدهیم،پس از ثبت تغییری پیدا نمیکند.چندین بار باید تغییر داد تا تغییرات اعمال شود.,Fail,,,,,
CON-112,گروه بندی قراردادها، حذف ندارد,قراردادها,,Open,unspecified,1405/06/11,,گروه بندی قراردادها، حذف ندارد,Fail,,,,,
CON-113,در قسمت اعلان ها، نوتیف درخواست نمایندگی که از سمت سامانه نمایندگان ارسال شده نمایش داده نمیشود,قراردادها,,Open,unspecified,1405/06/11,,در قسمت اعلان ها، نوتیف درخواست نمایندگی که از سمت سامانه نمایندگان ارسال شده نمایش داده نمیشود,Fail,,,,,
CON-114,در قسمت notifications،دکمه بررسی و تایید اکشنی ندارد,قراردادها,,Open,unspecified,1405/06/11,,در قسمت notifications،دکمه بررسی و تایید اکشنی ندارد,Fail,,,,,
CON-115,وقتی در مرحله تکمیل محتوا تایید را میزنیم ارور میدهد اما وقتی همان قرارداد را از کارتابل قراردادها وارد م…,قراردادها,,Open,unspecified,1405/06/11,,وقتی در مرحله تکمیل محتوا تایید را میزنیم ارور میدهد اما وقتی همان قرارداد را از کارتابل قراردادها وارد میشویم، قرارداد وارد مرحله امضا شده است,Fail,,,,,
CON-116,در صفحه قالب ها، هیچ قالبی لود نمیشود.,قراردادها,,Closed,unspecified,1405/06/11,,در صفحه قالب ها، هیچ قالبی لود نمیشود.,Fail,fixed (pass),,1405/06/23,,
CON-117,در صفحه مشاهده قرارداد، طرفین قرارداد،ضامن اول و دوم هم نمایش داده میشود,قراردادها,,Open,unspecified,1405/06/11,,در صفحه مشاهده قرارداد، طرفین قرارداد،ضامن اول و دوم هم نمایش داده میشود,Fail,,,,,
AGT-001,مشاهده ایمیل سازمانی متقاضی در قسمت پروفایل، پس از یکبار relog کردن نمایش داده میشود.,نمایندگان,,Closed,minor,1405/03/26,12:00,مشاهده ایمیل سازمانی متقاضی در قسمت پروفایل، پس از یکبار relog کردن نمایش داده میشود.,Fail,fixed (pass),,1405/04/07,,مشاهده ایمیل سازمانی متقاضی در قسمت پروفایل، پس از یکبار relog کردن نمایش داده میشود.
AGT-002,در محیط dev وقتی otp 1234 میزنیم وارد سامانه نمیشود و اروری هم نمایش داده نمیشود,نمایندگان,,Closed,unspecified,1405/03/27,10:45,در محیط dev وقتی otp 1234 میزنیم وارد سامانه نمیشود و اروری هم نمایش داده نمیشود,Fail,fixed (pass),18:00,,,در محیط dev وقتی otp 1234 میزنیم وارد سامانه نمیشود و اروری هم نمایش داده نمیشود
AGT-003,وقتی کد otp را اشتباه میزنیم هیچ اروری نمایش داده نمیشود.,نمایندگان,,Closed,major,1405/03/27,15:45,وقتی کد otp را اشتباه میزنیم هیچ اروری نمایش داده نمیشود.,Fail,fixed (pass),,,,وقتی کد otp را اشتباه میزنیم هیچ اروری نمایش داده نمیشود.
AGT-004,اطلاعات ضامنین در نمایندگان وجود ندارد,نمایندگان,,Closed,unspecified,1405/03/29,19:00,اطلاعات ضامنین در نمایندگان وجود ندارد,Fail,fixed (pass),,,,اطلاعات ضامنین در نمایندگان وجود ندارد
AGT-005,وقتی استان و شهر رو انتخاب میکنیم، در یک سری از شهر ها نقشه درست کار نمیکند برای مثال وقتی استان ایلام و…,نمایندگان,,Open,unspecified,1405/04/02,10:00,وقتی استان و شهر رو انتخاب میکنیم، در یک سری از شهر ها نقشه درست کار نمیکند برای مثال وقتی استان ایلام و شهر توحید را انتخاب میکنیم، منطقه توحید تهران را روی نقشه نمایش میدهد,Fail,,,,,
AGT-006,در صفحه اطلاعات اولیه متقاضی، در فیلد شماره شناسنامه،کد پستی، نام پدر میتوان حروف وارد کرد.,نمایندگان,,Open,minor,1405/04/02,14:45,در صفحه اطلاعات اولیه متقاضی، در فیلد شماره شناسنامه،کد پستی، نام پدر میتوان حروف وارد کرد.,Fail,,,,,
AGT-007,در فیلد محل تولد میتوان عدد وارد کرد.,نمایندگان,,Open,minor,1405/04/02,,در فیلد محل تولد میتوان عدد وارد کرد.,Fail,,,,,
AGT-008,توضیحات تایید طرح توجیهی جایی نمایش داده نمیشود.,نمایندگان,,Closed,unspecified,1405/04/02,,توضیحات تایید طرح توجیهی جایی نمایش داده نمیشود.,Fail,fixed (pass),,,,توضیحات تایید طرح توجیهی جایی نمایش داده نمیشود.
AGT-009,وقتی مصاحبه اولیه را رزرو میکنیم، در پنل متقاضی پیامی مبنی بر رزرو شدن مصاحبه متقاضی نمایش داده نمیشود.,نمایندگان,,Closed,unspecified,1405/04/02,,وقتی مصاحبه اولیه را رزرو میکنیم، در پنل متقاضی پیامی مبنی بر رزرو شدن مصاحبه متقاضی نمایش داده نمیشود.,Fail,fixed (pass),,,,وقتی مصاحبه اولیه را رزرو میکنیم، در پنل متقاضی پیامی مبنی بر رزرو شدن مصاحبه متقاضی نمایش داده نمیشود.
AGT-010,اعضای جلسه اعطای نمایندگی نمیتوانند رای دیگر اعضا را ببینند,نمایندگان,,Closed,unspecified,1405/04/03,14:45,اعضای جلسه اعطای نمایندگی نمیتوانند رای دیگر اعضا را ببینند,Fail,fixed (pass),,,,اعضای جلسه اعطای نمایندگی نمیتوانند رای دیگر اعضا را ببینند
AGT-011,وقتی مصاحبه اولیه را ویرایش میکنیم،تایید مصاحبه را میتوان همان لحظه انجام داد (فارغ از تاریخ و ساعت),نمایندگان,,Open,minor,1405/04/04,,وقتی مصاحبه اولیه را ویرایش میکنیم،تایید مصاحبه را میتوان همان لحظه انجام داد (فارغ از تاریخ و ساعت),Fail,,,,,
AGT-012,در فرم سفارشات برندینگ، اگر هیچ موردی را اتخاب نکنیم وثبت فرم برندینگ انجام دهیم…,نمایندگان,,Open,medium,1405/04/04,,در فرم سفارشات برندینگ، اگر هیچ موردی را اتخاب نکنیم وثبت فرم برندینگ انجام دهیم.دیگر نمیتوان مراحل را ادامه داد,Fail,,,,,
AGT-013,هنگام تایید جلسه اعطای نمایندگی،هر زمان که مسول ثبت رای بخواهد میتواند رای دهد فارغ از ساعت تعیین شده,نمایندگان,,Open,minor,1405/04/04,,هنگام تایید جلسه اعطای نمایندگی،هر زمان که مسول ثبت رای بخواهد میتواند رای دهد فارغ از ساعت تعیین شده,Fail,,,,,
AGT-014,امتیاز کار اموزی ثبت در پنل متقاضی نمایش داده نمیشود,نمایندگان,,Open,medium,1405/04/04,,امتیاز کار اموزی ثبت در پنل متقاضی نمایش داده نمیشود,Fail,,,,,باید پرسیده شود
AGT-015,ملزومات اولیه که توسط ستاد انتخاب میشود در پنل متقاضی نمایش داده نمیشود.,نمایندگان,,Closed,unspecified,1405/04/04,,ملزومات اولیه که توسط ستاد انتخاب میشود در پنل متقاضی نمایش داده نمیشود.,Fail,fixed (pass),,,,ملزومات اولیه که توسط ستاد انتخاب میشود در پنل متقاضی نمایش داده نمیشود.
AGT-016,در پنل ستاد وقتی صدور نامه ردیف پیمان را میزنیم، ایکون بالا آن به نیاز به اصلاح تغییر پیدا میکند,نمایندگان,,Open,minor,1405/04/04,,در پنل ستاد وقتی صدور نامه ردیف پیمان را میزنیم، ایکون بالا آن به نیاز به اصلاح تغییر پیدا میکند,Fail,,,,,
AGT-017,در قسمت بخش توجیهی (متقاضی) تمامی فیلدهایی که میتوان مبلغ وارد کرد،هم جدا کننده اضافه شود و هم عنوان ریال,نمایندگان,,Open,medium,1405/04/05,11:30,در قسمت بخش توجیهی (متقاضی) تمامی فیلدهایی که میتوان مبلغ وارد کرد،هم جدا کننده اضافه شود و هم عنوان ریال,Fail,,,,,
AGT-018,توضیحات طرح توجیهی که توسط ستاد نوشته میشود، جایی نمایش داده نمیشود.,نمایندگان,,Closed,unspecified,1405/04/05,11:38,توضیحات طرح توجیهی که توسط ستاد نوشته میشود، جایی نمایش داده نمیشود.,Fail,fixed (pass),,,,توضیحات طرح توجیهی که توسط ستاد نوشته میشود، جایی نمایش داده نمیشود.
AGT-019,توضیحات تایید ناحیه که توسط ستاد پر میشود، جایی نمایش داده نمیشود.,نمایندگان,,Open,medium,1405/04/05,11:41,توضیحات تایید ناحیه که توسط ستاد پر میشود، جایی نمایش داده نمیشود.,Fail,,,,,
AGT-020,در قسمت تامین ملزومات اولیه، اگر یک کالایی موجودی 0 داشته باشد…,نمایندگان,,Open,major,1405/04/05,11:54,در قسمت تامین ملزومات اولیه، اگر یک کالایی موجودی 0 داشته باشد، باز هم میتوان تخصیص داد و موجودی کالای تخصیص داده شده 1 میشود,Fail,,,,,کل این فرایند باید تغییر یابد یک پکیج ولکام پک ساخته میشود در ملزومات سپس همان پکیج فقط نمایش داده میشود و به متقاضی تخصیص داده میشود.
AGT-021,هنگام پر کردن اطلاعات ضامنین، هیچ گونه real time validation برای فیلدها وجود ندارد,نمایندگان,,Open,medium,1405/04/05,12:00,هنگام پر کردن اطلاعات ضامنین، هیچ گونه real time validation برای فیلدها وجود ندارد,Fail,,,,,
AGT-022,هنگام مشاهده مدارک هویتی توسط ستاد در مراحل موازی، باگ نمایش مدارک تکراری وجود دارد,نمایندگان,,Closed,major,1405/04/05,12:03,هنگام مشاهده مدارک هویتی توسط ستاد در مراحل موازی، باگ نمایش مدارک تکراری وجود دارد,Fail,fixed (pass),,,,هنگام مشاهده مدارک هویتی توسط ستاد در مراحل موازی، باگ نمایش مدارک تکراری وجود دارد
AGT-023,هنگام تعیین تاریخ افتتاح،تاریخ گذشته رو میتوان انتخاب کرد,نمایندگان,,Open,medium,1405/04/05,12:25,هنگام تعیین تاریخ افتتاح،تاریخ گذشته رو میتوان انتخاب کرد,Fail,,,,,
AGT-024,متقاضی هنگام انتخاب تاریخ چک میتواند تاریخ گذشته را انتخاب کند,نمایندگان,,Closed,unspecified,1405/04/05,12:25,متقاضی هنگام انتخاب تاریخ چک میتواند تاریخ گذشته را انتخاب کند,Fail,fixed (pass),,,,متقاضی هنگام انتخاب تاریخ چک میتواند تاریخ گذشته را انتخاب کند
AGT-025,پس از تعیین تاریخ افتتاح توسط ستاد، متقاضی تاریخ را نمیتواند ببیند,نمایندگان,,Closed,unspecified,1405/04/05,12:27,پس از تعیین تاریخ افتتاح توسط ستاد، متقاضی تاریخ را نمیتواند ببیند,Fail,fixed (pass),,,,پس از تعیین تاریخ افتتاح توسط ستاد، متقاضی تاریخ را نمیتواند ببیند
AGT-026,مدارک متقاضی رد نمیشوند.,نمایندگان,,Closed,major,1405/04/05,19:00,مدارک متقاضی رد نمیشوند.,Fail,fixed (pass),,,,مدارک متقاضی رد نمیشوند.
AGT-027,پس از اصلاح مدارک، ایکون مرحله در حالت نیاز به اصلاح میماند,نمایندگان,,Closed,major,1405/04/05,19:15,پس از اصلاح مدارک، ایکون مرحله در حالت نیاز به اصلاح میماند,Fail,fixed (pass),,,,پس از اصلاح مدارک، ایکون مرحله در حالت نیاز به اصلاح میماند
AGT-028,ناحیه عملیاتی تخصیص داده شده در پنل متقاضی نمایش داده نمیشود,نمایندگان,,Open,major,1405/04/05,23:15,ناحیه عملیاتی تخصیص داده شده در پنل متقاضی نمایش داده نمیشود,Fail,,,,,
AGT-029,در پنل متقاضی وقتی مرحله تامین ملزومات اولیه را کلیک میکنیم، کاراموزی باز میشود.,نمایندگان,,Open,unspecified,1405/04/05,23:30,در پنل متقاضی وقتی مرحله تامین ملزومات اولیه را کلیک میکنیم، کاراموزی باز میشود.,Fail,,,,,
AGT-030,برای افرادی که در مصاحبه هستن نوتیف ارسال شود.,نمایندگان,,Open,unspecified,1404/04/06,11:00,برای افرادی که در مصاحبه هستن نوتیف ارسال شود.,Fail,,,,,
AGT-031,در مصاحبه آنلاین، وقتی لینک جلسه را ارسال میکنیم، در پنل متقاضی لینک فرستاده شده هایپر لینک شود,نمایندگان,,Open,unspecified,1404/04/06,12:31,در مصاحبه آنلاین، وقتی لینک جلسه را ارسال میکنیم، در پنل متقاضی لینک فرستاده شده هایپر لینک شود,Fail,,,,,
AGT-032,هنگام بارگذاری مدارک وقتی ذخیره موقت را میزنیم…,نمایندگان,,Closed,major,1404/04/06,,هنگام بارگذاری مدارک وقتی ذخیره موقت را میزنیم،ولی از دفعه بعد دکمه ارسال را میزنیم ارور bad gateway (قابل ویرایش نمیباشد) میدهد,Fail,fixed (pass),,,,هنگام بارگذاری مدارک وقتی ذخیره موقت را میزنیم،ولی از دفعه بعد دکمه ارسال را میزنیم ارور bad gateway (قابل ویرایش نمیباشد) میدهد
AGT-033,درپنل ستاد، پس ازتعیین زمان مصاحبه اولیه، نوع مصاحبه نمایش داده نمیشود.فقط تاریخ و ساعت نمایش داده میشود,نمایندگان,,Open,unspecified,1404/04/06,,درپنل ستاد، پس ازتعیین زمان مصاحبه اولیه، نوع مصاحبه نمایش داده نمیشود.فقط تاریخ و ساعت نمایش داده میشود,Fail,,,,,
AGT-034,وقتی یک مصاحبه ای را که رزرو کردیم میخواهیم ویرایش کنیم،امکان تغییر ساعت وجود ندارد,نمایندگان,,Open,unspecified,1404/04/06,,وقتی یک مصاحبه ای را که رزرو کردیم میخواهیم ویرایش کنیم،امکان تغییر ساعت وجود ندارد,Fail,,,,,
AGT-035,جلسه اعطای نمایندگی، وقتی مسول بررسی اولیه گزینه نیاز به بررسی بیشتر را میزند…,نمایندگان,,Closed,unspecified,1404/04/06,,جلسه اعطای نمایندگی، وقتی مسول بررسی اولیه گزینه نیاز به بررسی بیشتر را میزند، پس از ان حتی اگر تمامی رای ها مثبت باشد نمیتوان کاری انجام داد,Fail,fixed (pass),,,,
AGT-036,هنگام افزودن کالا در قسمت تامین ملزومات اولیه، بیشتر از موجودی میتواند کالا تخصیص داد,نمایندگان,,Open,unspecified,1404/04/06,,هنگام افزودن کالا در قسمت تامین ملزومات اولیه، بیشتر از موجودی میتواند کالا تخصیص داد,Fail,,,,,
AGT-037,نوتیف ارسال طرح توجیهی به مسول مربوطه نمیرود.RAM,نمایندگان,,Open,unspecified,1405/04/07,,نوتیف ارسال طرح توجیهی به مسول مربوطه نمیرود.RAM,Fail,,,,,
AGT-038,نوتیف جلسه اعطای نمایندگی برای مدیر شبکه نمایندگان نمیرود,نمایندگان,,Open,unspecified,1405/04/07,,نوتیف جلسه اعطای نمایندگی برای مدیر شبکه نمایندگان نمیرود,Fail,,,,,
AGT-039,نوتیف جلسه اعطای نمایندگی برای مدیر توسعه کسب و کار نمیرود,نمایندگان,,Open,unspecified,1405/04/07,,نوتیف جلسه اعطای نمایندگی برای مدیر توسعه کسب و کار نمیرود,Fail,,,,,
AGT-040,نوتیف جلسه اعطای نمایندگی برای قائم مقام مدیر عامل نمیرود,نمایندگان,,Open,unspecified,1405/04/07,,نوتیف جلسه اعطای نمایندگی برای قائم مقام مدیر عامل نمیرود,Fail,,,,,
AGT-041,در صفحه درخواست نمایندگی ، وقتی یک اسمی سرچ میکنیم و وارد صفحه بعد میشویم سرچ پاک میشود و تمامی درخواست ه…,نمایندگان,,Open,major,1405/04/08,,در صفحه درخواست نمایندگی ، وقتی یک اسمی سرچ میکنیم و وارد صفحه بعد میشویم سرچ پاک میشود و تمامی درخواست های نمایندگی را نمایش میدهد,Fail,,,,,
AGT-042,در قسمت تامین ملزومات هیچ کالایی نمایش داده نمیشود,نمایندگان,,Closed,unspecified,1405/04/10,,در قسمت تامین ملزومات هیچ کالایی نمایش داده نمیشود,Fail,fixed (pass),,,,در قسمت تامین ملزومات هیچ کالایی نمایش داده نمیشود
AGT-043,وقتی ستاد مدارک را تایید و ارسال قرارداد را میزنید…,نمایندگان,,Closed,unspecified,1405/04/16,,وقتی ستاد مدارک را تایید و ارسال قرارداد را میزنید،وضعیت نمایش ان در مراحل بالای صفحه در حالت انتظار میباشد,Fail,fixed (pass),,,,وقتی ستاد مدارک را تایید و ارسال قرارداد را میزنید،وضعیت نمایش ان در مراحل بالای صفحه در حالت انتظار میباشد
AGT-044,لیست شکایات ارور 500 میدهد,نمایندگان,,Open,unspecified,1405/04/26,,لیست شکایات ارور 500 میدهد,Fail,,,,,
AGT-045,در قسمت گرازش مالی وقتی یک عدد را سرچ میکنیم ارور میدهد خطا در بارگذاری داده‌ها: The requested operation…,نمایندگان,,Open,unspecified,1405/04/26,,"در قسمت گرازش مالی وقتی یک عدد را سرچ میکنیم ارور میدهد
خطا در بارگذاری داده‌ها: The requested operation requires an element of type 'Number', but the target element has type 'String'.",Fail,,,,,
AGT-046,در قسمت گزارش مالی، تاریخ وجود ندارد.,نمایندگان,,Open,unspecified,1405/04/26,,در قسمت گزارش مالی، تاریخ وجود ندارد.,Fail,,,,,
AGT-047,گزارش پورسانت تجمیعی، جمع آوری ، توزیع قابل تست نمیباشد,نمایندگان,,Open,unspecified,1405/04/26,,گزارش پورسانت تجمیعی، جمع آوری ، توزیع قابل تست نمیباشد,,,,,,
AGT-048,قابلیت ارسال تیکت برای چند نماینده وجود ندارد,نمایندگان,,Open,unspecified,1405/04/26,,قابلیت ارسال تیکت برای چند نماینده وجود ندارد,,,,,,
AGT-049,ارسال تیکت ارور 500 میدهد,نمایندگان,,Open,unspecified,1405/04/26,,ارسال تیکت ارور 500 میدهد,Fail,,,,,
AGT-050,در صفحه سوالات خود ارزیابی(پودو) وقتی بک میزنیم دیگر نمیتوان مراحل را ادامه داد و با خطای درخواست تکراریس…,نمایندگان,,Open,unspecified,1405/05/04,,در صفحه سوالات خود ارزیابی(پودو) وقتی بک میزنیم دیگر نمیتوان مراحل را ادامه داد و با خطای درخواست تکراریست مواجه میشویم,Fail,,,,,
AGT-051,متن گواهی صادر شده کامل نمیباشد.,نمایندگان,,Open,unspecified,1405/05/04,,متن گواهی صادر شده کامل نمیباشد.,Fail,,,,,
AGT-052,در گواهی صادر شده،نام پودو درست نمیباشد.(نام شهر میباشد.),نمایندگان,,Open,unspecified,1405/05/04,,در گواهی صادر شده،نام پودو درست نمیباشد.(نام شهر میباشد.),Fail,,,,,
AGT-053,کد ملی نمایش داده شده در گواهی بر عکس میباشد,نمایندگان,,Open,unspecified,1405/05/04,,کد ملی نمایش داده شده در گواهی بر عکس میباشد,Fail,,,,,
AGT-054,نام پودو که توسط سیستم انتخاب میشود درست نمیباشد,نمایندگان,,Open,unspecified,1405/05/04,,نام پودو که توسط سیستم انتخاب میشود درست نمیباشد,Fail,,,,,
AGT-055,ثبت تاریخ شروع فعالیت درخواست پودو را میتوان تاریخ گذشته انتخاب کرد,نمایندگان,,Open,unspecified,1405/05/04,,ثبت تاریخ شروع فعالیت درخواست پودو را میتوان تاریخ گذشته انتخاب کرد,Fail,,,,,
AGT-056,شماره تلفن و کد ملی راننده در قسمت مدیریت اسناد درست نمایش داده میشود…,نمایندگان,,Open,unspecified,1405/05/04,,شماره تلفن و کد ملی راننده در قسمت مدیریت اسناد درست نمایش داده میشود.اما در قسمت درخواست قرارداد و منابع قرارداد اشتباه نمایش داده میشود,Fail,,,,,
AGT-057,انتخاب تعداد ردیف کار نمیکند,نمایندگان,,Open,unspecified,1405/05/04,,انتخاب تعداد ردیف کار نمیکند,Fail,,,,,
AGT-058,وقتی نیاز به اصلاح طرح توجیهی توسط ستاد زده میشود،متقاضی میتواند بدون اصلاح طرح دوباره انرا ارسال کند,نمایندگان,,Open,unspecified,1405/05/06,,وقتی نیاز به اصلاح طرح توجیهی توسط ستاد زده میشود،متقاضی میتواند بدون اصلاح طرح دوباره انرا ارسال کند,Fail,,,,,
AGT-059,در صفحه بارگذاری مدارک متقاضی،عنوان فیلدها راست چین شود,نمایندگان,,Open,unspecified,1405/05/06,,در صفحه بارگذاری مدارک متقاضی،عنوان فیلدها راست چین شود,Fail,,,,,
AGT-060,وقتی ستاد،جلسه اعطای نمایندگی تایید و عبور از مرحله میزند…,نمایندگان,,Open,unspecified,1405/05/19,,وقتی ستاد،جلسه اعطای نمایندگی  تایید و عبور از مرحله میزند، همچنان اسلات های رای دهی با وضعیت در انتظار رای دهی وجود دارد.اما رای دیگر نمیتوان داد,Fail,,,,,
AGT-061,رئیس توسعه و نگهداشت میتواند آموزش را تایید کند.(طبق فایل اکسل فقط میتواند درخواست را ارسال کند),نمایندگان,,Open,unspecified,1405/05/19,,رئیس توسعه و نگهداشت میتواند آموزش را تایید کند.(طبق فایل اکسل فقط میتواند درخواست را ارسال کند),Fail,,,,,
AGT-062,رئیس توسعه و نگهداشت میتواند کارآموزی را تایید کند.(طبق فایل اکسل فقط میتواند درخواست را ارسال کند),نمایندگان,,Open,unspecified,1405/05/19,,رئیس توسعه و نگهداشت میتواند کارآموزی را تایید کند.(طبق فایل اکسل فقط میتواند درخواست را ارسال کند),Fail,,,,,
AGT-063,دکمه تایید ملزومات اولیه در حساب رئیس توسعه نباید وجود داشته باشد,نمایندگان,,Open,unspecified,1405/05/19,,دکمه تایید ملزومات اولیه در حساب رئیس توسعه نباید وجود داشته باشد,Fail,,,,,
AGT-064,در بارگذاری مدارک، تعداد رقم های شناسه چک محدودیت ندارد,نمایندگان,,Open,unspecified,1405/05/19,,در بارگذاری مدارک، تعداد رقم های شناسه چک محدودیت ندارد,Fail,,,,,
AGT-065,گزینه حذف مدرک توسط رئیس توسعه و نگهداشت در قسمت مشاهده مدارک در مراحل موازی نباید وجود داشته باشد.,نمایندگان,,Open,unspecified,1405/05/19,,گزینه حذف مدرک توسط رئیس توسعه و نگهداشت در قسمت مشاهده مدارک در مراحل موازی نباید وجود داشته باشد.,Fail,,,,,
AGT-066,پس از پرداخت ودیعه ،در پنل ستاد، مرحله بارگذاری مدارک باز میشود.(آیا به درخواست تیپاکس میباشد؟),نمایندگان,,Open,unspecified,1405/05/20,,پس از پرداخت ودیعه ،در پنل ستاد، مرحله بارگذاری مدارک باز میشود.(آیا به درخواست تیپاکس میباشد؟),,,,,,
AGT-067,دکمه ثبت ایمیل برای متقاضی،در پنل رئیس توسعه نباید وجود داشته باشد(طبق فایل اکسل),نمایندگان,,Open,unspecified,1405/05/20,,دکمه ثبت ایمیل برای متقاضی،در پنل رئیس توسعه نباید وجود داشته باشد(طبق فایل اکسل),Fail,,,,,
AGT-068,رئیس توسعه و نگهداشت میتواند rpm را تایید کند,نمایندگان,,Open,unspecified,1405/05/20,,رئیس توسعه و نگهداشت میتواند rpm را تایید کند,Fail,,,,,
AGT-069,دکمه صدور مجوز در حساب کاربری رئیس توسعه نباید وجود داشته باشد,نمایندگان,,Open,unspecified,1405/05/20,,دکمه صدور مجوز در حساب کاربری رئیس توسعه نباید وجود داشته باشد,Fail,,,,,
AGT-070,رئیس توسعه و نگهداشت میتواند تاریخ افتتاح را تعیین کند,نمایندگان,,Open,unspecified,1405/05/20,,رئیس توسعه و نگهداشت میتواند تاریخ افتتاح را تعیین کند,Fail,,,,,
AGT-071,در قسمت اطلاعات اولیه، متقاضی وقتی گزینه ایا شاغل هستید را روشن میکند سوابق شغلی باز میشود اما وقتی خاموش…,نمایندگان,,Open,unspecified,1405/05/20,,در قسمت اطلاعات اولیه، متقاضی وقتی گزینه ایا شاغل هستید را روشن میکند سوابق شغلی باز میشود اما وقتی خاموش میکند سوابق شغلی همچنان نمایش داده میشود.,Fail,,,,,
AGT-072,در قسمت کارآموزی اگر هیچ گزینه ای انتخاب نشود و نماینده ای انتخاب نشود باز میتوان مرحله را تایید کرد,نمایندگان,,Open,unspecified,1405/05/24,,در قسمت کارآموزی اگر هیچ گزینه ای انتخاب نشود و نماینده ای انتخاب نشود باز میتوان مرحله را تایید کرد,Fail,,,,,
AGT-073,کارشناس حقوقی بعد از تایید مدارک، میتواند مدارک را رد کند,نمایندگان,,Open,unspecified,1405/05/24,,کارشناس حقوقی بعد از تایید مدارک، میتواند مدارک را رد کند,Fail,,,,,
AGT-074,در قسمت تعیین پولیگون،استان و شهر را باید دستی انتخاب کنیم.,نمایندگان,,Open,unspecified,1405/05/25,,در قسمت تعیین پولیگون،استان و شهر را باید دستی انتخاب کنیم.,Fail,,,,,
AGT-075,هنگام ست کردن مصاحبه به صورت تلفنی،میتوان مصاحبه را بدون وارد کردن شماره تلفن ست کرد,نمایندگان,,Open,unspecified,1405/05/25,,هنگام ست کردن مصاحبه به صورت تلفنی،میتوان مصاحبه را بدون وارد کردن شماره تلفن ست کرد,Fail,,,,,
AGT-076,هنگام ست کردن مصاحبه به صورت آنلاین،میتوان مصاحبه را بدون وارد کردن لینک ست کرد,نمایندگان,,Open,unspecified,1405/05/25,,هنگام ست کردن مصاحبه به صورت آنلاین،میتوان مصاحبه را بدون وارد کردن لینک ست کرد,Fail,,,,,
AGT-077,پس از بارگذاری مدارک توسط متقاضی،مدرک مالکیت یا اجاره محل فعالیت به صورت اتوماتیک پرمیشود.,نمایندگان,,Open,unspecified,1405/05/25,,پس از بارگذاری مدارک توسط متقاضی،مدرک مالکیت یا اجاره محل فعالیت به صورت اتوماتیک پرمیشود.,Fail,,,,,
AGT-078,فایل pdf گزارش پرونده دانلود شده متقاضی، نقشه نمایش داده نمیشود.,نمایندگان,,Open,unspecified,1405/05/25,,فایل pdf گزارش پرونده دانلود شده متقاضی، نقشه نمایش داده نمیشود.,Fail,,,,,
AGT-079,وقتی به عنوان نماینده میخواهیم قرارداد خود را دانلود کنیم، گزینه دانلود قرارداد امضا شده را که میزنیم…,نمایندگان,,Open,unspecified,1405/06/14,,وقتی به عنوان نماینده میخواهیم قرارداد خود را دانلود کنیم، گزینه دانلود قرارداد امضا شده را که میزنیم،با (ارور منبع مورد نظر یافت نشد) مواجه میشویم.,Fail,,,,,
AGT-080,وقتی رول APM را به RPM تغییر میدهیم،زمانی که وارد پروفایل متقاضی میشویم،هیچ مرحله ای نمایش داده نمیشود.,نمایندگان,,Closed,unspecified,1405/06/14,,وقتی رول APM را به RPM تغییر میدهیم،زمانی که وارد پروفایل متقاضی میشویم،هیچ مرحله ای نمایش داده نمیشود.,Fail,fixed (pass),,,,وقتی رول APM را به RPM تغییر میدهیم،زمانی که وارد پروفایل متقاضی میشویم،هیچ مرحله ای نمایش داده نمیشود.
AGT-081,قسمت مراحل موازی، بخش مدارک بارگذاری شده،وقتی با اکانت ستاد مدارک را مشاهده میکنیم…,نمایندگان,,Open,unspecified,1405/06/14,,قسمت مراحل موازی، بخش مدارک بارگذاری شده،وقتی با اکانت ستاد مدارک را مشاهده میکنیم،پیغامی مبنی بر کپی مدارک مورد نیاز و نیاز به اصلاح وجود دارد،اما فقط گزینه کپی فهرست وجود دارد.(رئیس توسعه و نگهداشت منطقه),Fail,,,,,
AGT-082,نماینده تعلیق شده نمیتواند وارد سامانه شود,نمایندگان,,Open,unspecified,1405/06/14,,نماینده تعلیق شده نمیتواند وارد سامانه شود,Fail,,,,,
AGT-083,متن خطا در صفحه otp هنگام اشتباه زدن کد درست نیست,نمایندگان,,Open,unspecified,1405/06/14,,متن خطا در صفحه otp هنگام اشتباه زدن کد درست نیست,Fail,,,,,
AGT-084,در صفحه اطلاعات اولیه متقاضی، فقط 10 استان وجود دارد.,نمایندگان,,Open,unspecified,1405/06/14,,در صفحه اطلاعات اولیه متقاضی، فقط 10 استان وجود دارد.,Fail,,,,,
AGT-085,ترتیب لیست درخواست ها درصفحه درخواست نقطه تماس به ترتیب نمیباشد نمیباشد.,نمایندگان,,Open,unspecified,1405/06/14,,ترتیب لیست درخواست ها درصفحه درخواست نقطه تماس به ترتیب نمیباشد نمیباشد.,Fail,,,,,
AGT-086,وقتی یک بار مرحله خود ارزیابی متقاضی رد میشود و درخواست اصلاح میزند…,نمایندگان,,Open,unspecified,1405/06/14,,وقتی یک بار مرحله خود ارزیابی متقاضی رد میشود و درخواست اصلاح میزند،پس از تایید ستاد و انجام اصلاح توسط متقاضی دیگر نمیتوان مراحل را ادامه داد.,Fail,,,,,
AGT-087,وقتی چند بار با یک شماره از سامانه خارج میشویم،برای لاگین دوباره opt 1234 ارور میدهد.,نمایندگان,,Open,unspecified,1405/06/14,,وقتی چند بار با یک شماره از سامانه خارج میشویم،برای لاگین دوباره opt 1234 ارور میدهد.,Fail,,,,,
AGT-088,مدیریت نقاط تماس فیلتر ندارد.,نمایندگان,,Open,unspecified,1405/06/14,,مدیریت نقاط تماس فیلتر ندارد.,Fail,,,,,
AGT-089,سرچ در قسمت مدیریت نقاط تماس کار نمیکند,نمایندگان,,Open,unspecified,1405/06/14,,سرچ در قسمت مدیریت نقاط تماس کار نمیکند,Fail,,,,,
AGT-090,بخش مدیریت نقاط تماس، عنوان نمایندگی، استان، شهر، آدرس، تاریخ افتتاح پر نمیشود,نمایندگان,,Open,unspecified,1405/06/14,,بخش مدیریت نقاط تماس، عنوان نمایندگی، استان، شهر، آدرس، تاریخ افتتاح پر نمیشود,Fail,,,,,
AGT-091,بخش مدیریت نقاط تماس، یکی از وضعیت ها نامشخص میباشد.,نمایندگان,,Open,unspecified,1405/06/14,,بخش مدیریت نقاط تماس، یکی از وضعیت ها نامشخص میباشد.,Fail,,,,,
AGT-092,بخش مدیریت نقاط تماس، وقتی صفحه تعلیق یا لغو را باز کنیم و بک بزنیم وارد صفحه درخواست نقاط تماس میشود.,نمایندگان,,Open,unspecified,1405/06/14,,بخش مدیریت نقاط تماس، وقتی صفحه تعلیق یا لغو را باز کنیم و بک بزنیم وارد صفحه درخواست نقاط تماس میشود.,Fail,,,,,
AGT-093,SLA اقدامات جاری در صفحه درخواست نقاط تماس با صفحه مدیریت sla همخوانی ندارد,نمایندگان,,Open,unspecified,1405/06/14,,SLA اقدامات جاری در صفحه درخواست نقاط تماس با صفحه مدیریت sla همخوانی ندارد,Fail,,,,,
AGT-094,شماره ردیف ها در pagination درست شود,نمایندگان,,Open,unspecified,1405/06/14,,شماره ردیف ها در pagination درست شود,Fail,,,,,
AGT-095,درخواست نقطه تماس، فیلتر خود ارزیابی،طرح توجیهی،جلسه اعطای نمایندگی،تایید ناحیه،بارگذاری مدارک…,نمایندگان,,Open,unspecified,1405/06/14,,درخواست نقطه تماس، فیلتر خود ارزیابی،طرح توجیهی،جلسه اعطای نمایندگی،تایید ناحیه،بارگذاری مدارک،، وضعیت های دیگر هم نمایش میدهد,Fail,,,,,
AGT-096,صفحه درخواست نقاط تماس،لیست به ترتیب تاریخ درخواست نمیباشد.,نمایندگان,,Open,unspecified,1405/06/14,,صفحه درخواست نقاط تماس،لیست به ترتیب تاریخ درخواست نمیباشد.,Fail,,,,,
AGT-097,صفحه درخواست نقاط تماس، اماری که در بالای صفحه وجود دارد،در حال پیگیری و رد شده ها درست نمیباشد,نمایندگان,,Open,unspecified,1405/06/14,,صفحه درخواست نقاط تماس، اماری که در بالای صفحه وجود دارد،در حال پیگیری و رد شده ها درست نمیباشد,Fail,,,,,
AGT-098,در قسمت مدیریت اسناد(زهرا کریمی)دارای 27،770 فایل ثبت شده میباشد,نمایندگان,,Open,unspecified,1405/06/14,,در قسمت مدیریت اسناد(زهرا کریمی)دارای 27،770 فایل ثبت شده میباشد,Fail,,,,,
AGT-099,پلن جذب نمایندگان فقط ثبت میشود.اکشن دیگری نمیتوان انجام داد,نمایندگان,,Open,unspecified,1405/06/14,,پلن جذب نمایندگان فقط ثبت میشود.اکشن دیگری نمیتوان انجام داد,Fail,,,,,
AGT-100,جایی برای تایید پلن جذب توسط قائم مقام مدیر عامل و مدیر کسب و کار وجود ندارد,نمایندگان,,Open,unspecified,1405/06/14,,جایی برای تایید پلن جذب توسط قائم مقام مدیر عامل و مدیر کسب و کار وجود ندارد,Fail,,,,,
AGT-101,صفحه بررسی نیازمندی های پلن جاری، سرچ کار نمیکند,نمایندگان,,Open,unspecified,1405/06/14,,صفحه بررسی نیازمندی های پلن جاری، سرچ کار نمیکند,Fail,,,,,
AGT-102,بستن برنامه پلن جذب نمایندگان اکشنی ندارد,نمایندگان,,Open,unspecified,1405/06/14,,بستن برنامه پلن جذب نمایندگان اکشنی ندارد,Fail,,,,,
AGT-103,صفحه گزارش پیشرفت ،فیلتر کار نمیکند,نمایندگان,,Open,unspecified,1405/06/14,,صفحه گزارش پیشرفت ،فیلتر کار نمیکند,Fail,,,,,
AGT-104,عدم ارتباط محتوای صفحه «بررسی نیازمندی‌های پلن جاری»و تایید نهایی پلن های جذب با فرآیند «پلن های جذب نمای…,نمایندگان,,Open,unspecified,1405/06/14,,عدم ارتباط محتوای صفحه «بررسی نیازمندی‌های پلن جاری»و تایید نهایی پلن های جذب با فرآیند «پلن های جذب نمایندگان»,Fail,,,,,
AGT-105,پلن جذب ساخته شده مشاهده جزییات ندارد,نمایندگان,,Open,unspecified,1405/06/14,,پلن جذب ساخته شده مشاهده جزییات ندارد,Fail,,,,,
AGT-106,صفحه گزارشات عملکرد نمایندگی، دکمه ارسال به دیگری اکشنی ندارد.,نمایندگان,,Open,unspecified,1405/06/14,,صفحه گزارشات عملکرد نمایندگی، دکمه ارسال به دیگری اکشنی ندارد.,Fail,,,,,
AGT-107,صفحه گزارشات عملکرد نمایندگی، دکمه دانلود گزارش…,نمایندگان,,Open,unspecified,1405/06/14,,صفحه گزارشات عملکرد نمایندگی، دکمه دانلود گزارش،دانلود pdf فایل csv دانلود میکند و دانلود اکسل اکشنی ندارد,Fail,,,,,
AGT-108,گزارش عملکرد نمایندگی ستون تاریخ ندارد,نمایندگان,,Open,unspecified,1405/06/14,,گزارش عملکرد نمایندگی ستون تاریخ ندارد,Fail,,,,,
AGT-109,گزارش عملکرد نمایندگی فقط یک نماینده را نمایش میدهد.,نمایندگان,,Open,unspecified,1405/06/14,,گزارش عملکرد نمایندگی فقط یک نماینده را نمایش میدهد.,Fail,,,,,
AGT-110,صفحه گزارش مدیریتی، فایل دانلود گزارش هنگام باز شدن ارور میدهد.,نمایندگان,,Open,unspecified,1405/06/14,,صفحه گزارش مدیریتی، فایل دانلود گزارش هنگام باز شدن ارور میدهد.,Fail,,,,,
AGT-111,گزارش عملکرد نمایندگی،ستون سفارشات ارسالی و دریافتی،درصد تحویل موفق و نرخ مرجوعی وجود ندارد,نمایندگان,,Open,unspecified,1405/06/14,,گزارش عملکرد نمایندگی،ستون سفارشات ارسالی و دریافتی،درصد تحویل موفق و نرخ مرجوعی وجود ندارد,Fail,,,,,
AGT-112,گزارش عملکرد نمایندگی،نمودار وجود ندارد,نمایندگان,,Open,unspecified,1405/06/14,,گزارش عملکرد نمایندگی،نمودار وجود ندارد,Fail,,,,,
AGT-113,گزارش عملکرد نمایندگی، امکان مقایسه عملکرد چند نماینده را ندارد,نمایندگان,,Open,unspecified,1405/06/14,,گزارش عملکرد نمایندگی، امکان مقایسه عملکرد چند نماینده را ندارد,Fail,,,,,
AGT-114,گزارش عملکرد نمایندگی، مدیر نمیتواند بازخورد مدیریتی رو عملکرد هر نماینده ثبت و برای نماینده ارسال کند,نمایندگان,,Open,unspecified,1405/06/14,,گزارش عملکرد نمایندگی، مدیر نمیتواند بازخورد مدیریتی رو عملکرد هر نماینده ثبت و برای نماینده ارسال کند,Fail,,,,,
AGT-115,گزارش مالی،سرچ ارور خطا در بارگذاری داده ها میدهد,نمایندگان,,Open,unspecified,1405/06/14,,گزارش مالی،سرچ ارور خطا در بارگذاری داده ها میدهد,Fail,,,,,
AGT-116,گزارش مالی، ستون تاریخ ندارد,نمایندگان,,Open,unspecified,1405/06/14,,گزارش مالی، ستون تاریخ ندارد,Fail,,,,,
AGT-117,صفحه تیکت های داخلی،(به روز رسانی نشده است),نمایندگان,,Open,unspecified,1405/06/14,,صفحه تیکت های داخلی،(به روز رسانی نشده است),Fail,,,,,
AGT-118,صفحه تعیین پولیگون، وقتی یک پولیگون را ویرایش میکنیم، تغییری پیدا نمی کند,نمایندگان,,Open,unspecified,1405/06/14,,صفحه تعیین پولیگون، وقتی یک پولیگون را ویرایش میکنیم، تغییری پیدا نمی کند,Fail,,,,,
AGT-119,صفحه تعیین پولیگون،وقتی یک پولیگون را حذف میکنیم،برای اعمال شدن پولیگون حذفی باید صفحه را ریفرش کرد,نمایندگان,,Open,unspecified,1405/06/14,,صفحه تعیین پولیگون،وقتی یک پولیگون را حذف میکنیم،برای اعمال شدن پولیگون حذفی باید صفحه را ریفرش کرد,Fail,,,,,
AGT-120,هنگام تخصیص ناحیه عملیاتی به متقاضی،پولیگون رسم شده نمایش داده نمیشود…,نمایندگان,,Open,unspecified,1405/06/14,,هنگام تخصیص ناحیه عملیاتی به متقاضی،پولیگون رسم شده نمایش داده نمیشود.اما در صفحه تعیین پولیگون ها نمایش داده میشود.,Fail,,,,,
AGT-121,صفحه تعیین پولیگون ها، فیلد نام ناحیه بالاتر از بقیه فیلد ها میباشد.,نمایندگان,,Open,unspecified,1405/06/14,,صفحه تعیین پولیگون ها، فیلد نام ناحیه بالاتر از بقیه فیلد ها میباشد.,Fail,,,,,
AGT-122,صفحه مدیریت ملزومات، فایل اکسل دانلود گزارش هنگام باز کردن ارور میدهد.,نمایندگان,,Open,unspecified,1405/06/14,,صفحه مدیریت ملزومات، فایل اکسل دانلود گزارش هنگام باز کردن ارور میدهد.,Fail,,,,,
AGT-123,صفحه مدیریت محصولات، نمیتوان محصولی اضافه کرد.,نمایندگان,,Open,unspecified,1405/06/14,,صفحه مدیریت محصولات، نمیتوان محصولی اضافه کرد.,Fail,,,,,
AGT-124,صفحه مدیریت محصولات، نمیتوان محصولی را ویرایش کرد .,نمایندگان,,Open,unspecified,1405/06/14,,صفحه مدیریت محصولات، نمیتوان محصولی را ویرایش کرد .,Fail,,,,,
AGT-125,صفحه مدیریت محصولات، سرچ کار نمیکند,نمایندگان,,Open,unspecified,1405/06/14,,صفحه مدیریت محصولات، سرچ کار نمیکند,Fail,,,,,
AGT-126,صفحه مدیریت ملزومات، سرچ کار نمیکند,نمایندگان,,Open,unspecified,1405/06/14,,صفحه مدیریت ملزومات، سرچ کار نمیکند,Fail,,,,,
AGT-127,صفحه رهگیری سفارش، تاریخچه مراحل به انگلیسی میباشد.,نمایندگان,,Open,unspecified,1405/06/14,,صفحه رهگیری سفارش، تاریخچه مراحل به انگلیسی میباشد.,Fail,,,,,
AGT-128,صفحه رهگیری سفارش، شهر فرستنده وگیرنده، ID شهر میباشد,نمایندگان,,Open,unspecified,1405/06/14,,صفحه رهگیری سفارش، شهر فرستنده وگیرنده، ID شهر میباشد,Fail,,,,,
AGT-129,صفحه رهگیری سفارش، قسمت نتایج رهگیری،شماره قرارداد،مبلغ قرارداد،مبلغ پرداختی نمایش داده نمیشود.,نمایندگان,,Open,unspecified,1405/06/14,,صفحه رهگیری سفارش، قسمت نتایج رهگیری،شماره قرارداد،مبلغ قرارداد،مبلغ پرداختی نمایش داده نمیشود.,Fail,,,,,
AGT-130,صفحه رهگیری سفارش، موقعیت فرستنده و گیرنده اشتباه است.,نمایندگان,,Open,unspecified,1405/06/14,,صفحه رهگیری سفارش، موقعیت فرستنده و گیرنده اشتباه است.,Fail,,,,,
AGT-131,صفحه مدیریت تیپاکس یار امکان تست ندارد(خطا در اتصال به پنل PD),نمایندگان,,Open,unspecified,1405/06/14,,صفحه مدیریت تیپاکس یار امکان تست ندارد(خطا در اتصال به پنل PD),Fail,,,,,
AGT-132,صفحه مدیریت ناوگان امکان تست ندارد(خطا در اتصال به پنل PD),نمایندگان,,Open,unspecified,1405/06/14,,صفحه مدیریت ناوگان  امکان تست ندارد(خطا در اتصال به پنل PD),Fail,,,,,
AGT-133,صفحه مدیریت پرسنل،قسمت کاربران، سرچ کار نمیکند,نمایندگان,,Open,unspecified,1405/06/14,,صفحه مدیریت پرسنل،قسمت کاربران، سرچ کار نمیکند,Fail,,,,,
AGT-134,صفحه مدیریت پرسنل،وقتی یک کاربر را غیر فعال میکنیم و سپس فعال کنیم،نمیتوان با ان کاربر وارد سامانه شد,نمایندگان,,Open,unspecified,1405/06/14,,صفحه مدیریت پرسنل،وقتی یک کاربر را غیر فعال میکنیم و سپس فعال کنیم،نمیتوان با ان کاربر وارد سامانه شد,Fail,,,,,
AGT-135,صفحه قاعده صورت حساب لود نمیشود.,نمایندگان,,Open,unspecified,1405/06/14,,صفحه قاعده صورت حساب لود نمیشود.,Fail,,,,,
AGT-136,صفحه صورتحساب ها،اکسل دانلود شده صورتحساب ،فایل خراب میباشد,نمایندگان,,Open,unspecified,1405/06/14,,صفحه صورتحساب ها،اکسل دانلود شده صورتحساب ،فایل خراب میباشد,Fail,,,,,
AGT-137,صفحه صورتحساب ها،سرچ ندارد.,نمایندگان,,Open,unspecified,1405/06/14,,صفحه صورتحساب ها،سرچ ندارد.,Fail,,,,,
AGT-138,صفحه مدیریت دستگاه POS،پس از ثبت درخواست،درخواست در جایی نمایش داده نمیشود.,نمایندگان,,Open,unspecified,1405/06/14,,صفحه مدیریت دستگاه POS،پس از ثبت درخواست،درخواست در جایی نمایش داده نمیشود.,Fail,,,,,
AGT-139,صفحه لاگین،صفحه تکمیل ثبت نام،وقتی ویرایش شماره را میزنیم،وارد صفحه opt میشود,نمایندگان,,Open,unspecified,46192,,صفحه لاگین،صفحه تکمیل ثبت نام،وقتی ویرایش شماره را میزنیم،وارد صفحه opt میشود,,,,,,
AGT-140,صفحه اطلاعات اولیه،وقتی گزینه ایا شاغل هستید را روشن میکنیم…,نمایندگان,,Open,unspecified,46192,,صفحه اطلاعات اولیه،وقتی گزینه ایا شاغل هستید را روشن میکنیم،فیلد سوابق شغلی باز میشود اما وقتی میبندیم فیلد همچنان باز میباشد.,,,,,,
AGT-141,در صفحه طرح توجیهی، نام فیلد ها و کلمه ریال از هم فاصله ندارند.,نمایندگان,,Open,unspecified,46192,,در صفحه طرح توجیهی، نام فیلد ها و کلمه ریال از هم فاصله ندارند.,,,,,,
AGT-142,رول rpm هنگام رای دادن در جلسه اعطای نمایندگی نمیتواند اطلاعات متقاضی را مشاهده کند,نمایندگان,,Open,unspecified,46192,,رول rpm هنگام رای دادن در جلسه اعطای نمایندگی نمیتواند اطلاعات متقاضی را مشاهده کند,,,,,,
AGT-143,رئیس توسعه و نگهداشت منطقه اگر مجاز به ثبت نمره آموزش به نماینده نمیباشد…,نمایندگان,,Open,unspecified,46192,,رئیس توسعه و نگهداشت منطقه اگر مجاز به ثبت نمره آموزش به نماینده نمیباشد،نباید در پنل رئیس توسعه و نگهداشت وجود داشته باشد,,,,,,
AGT-144,در قسمت کاراموزی وقتی میخواهیم نماینده راهنما انتخاب کنیم، نماینده ای لود نمیشود.,نمایندگان,,Open,unspecified,46192,,در قسمت کاراموزی وقتی میخواهیم نماینده راهنما انتخاب کنیم، نماینده ای لود نمیشود.,,,,,,
AGT-145,پس از چند بار Login و Logout با کاربران مختلف، سیستم کد OTP صحیح را نامعتبر اعلام می‌کند.,نمایندگان,,Open,unspecified,46192,,پس از چند بار Login و Logout با کاربران مختلف، سیستم کد OTP صحیح را نامعتبر اعلام می‌کند.,,,,,,
AGT-146,وقتی ستاد مدارک بارگذاری شده متقاضی را میبیند،در قسمت مدارک ثبتی،8 مدرک وجود دارد…,نمایندگان,,Open,unspecified,46192,,وقتی ستاد مدارک بارگذاری شده متقاضی را میبیند،در قسمت مدارک ثبتی،8 مدرک وجود دارد ،برای مثال اگر 3 مدرک بارگذاری کنیم تعداد مدارک بارگذاری نشده باید 5 عدد باشد اما 4 عدد نمایش داده میشود,,,,,,
AGT-147,در پنل ستاد،قسمت مدارک بارگذاری شده توسط متقاضی،دکمه ارسال برای اصلاح به متقاضی،ارور 405 میدهد.,نمایندگان,,Open,unspecified,46192,,در پنل ستاد،قسمت مدارک بارگذاری شده توسط متقاضی،دکمه ارسال برای اصلاح به متقاضی،ارور 405 میدهد.,,,,,,
AGT-148,وقتی مدارک بارگذاری شده نماینده توسط ستاد خذف میشود،نماینده متوجه نمیشود,نمایندگان,,Open,unspecified,46192,,وقتی مدارک بارگذاری شده نماینده توسط ستاد خذف میشود،نماینده متوجه نمیشود,,,,,,
AGT-149,پنل نماینده، خرید ملزومات سرچ کار نمیکند,نمایندگان,,Open,unspecified,46192,,پنل نماینده، خرید ملزومات سرچ کار نمیکند,,,,,,
AGT-150,پنل نماینده، خرید ملزومات، فیلتر مرتب سازی،گزینه (مرتب سازی بر اساس) نباید قابل انتخاب باشد,نمایندگان,,Open,unspecified,46192,,پنل نماینده، خرید ملزومات، فیلتر مرتب سازی،گزینه (مرتب سازی بر اساس) نباید قابل انتخاب باشد,,,,,,
AGT-151,پنل نماینده، خرید ملزومات، وقتی یک محصول را به سبد خرید اضافه میکنیم و از سبد خرید حذف میکنیم و بازگشت می…,نمایندگان,,Open,unspecified,46192,,پنل نماینده، خرید ملزومات، وقتی یک محصول را به سبد خرید اضافه میکنیم و از سبد خرید حذف میکنیم و بازگشت میزنیم، عدد تعداد انتخاب شده همچنان روی ایکون سبد خرید نمایش داده میشود.,,,,,,
AGT-152,پنل نماینده، خرید ملزومات، در صفحه پیش‌فاکتور، پس از انتخاب گزینه «انصراف»…,نمایندگان,,Open,unspecified,46192,,پنل نماینده، خرید ملزومات، در صفحه پیش‌فاکتور، پس از انتخاب گزینه «انصراف»، با یک‌بار کلیک بر روی گزینه افزایش یا کاهش تعداد کالا، کالاهای انتخاب‌شده به‌طور کامل حذف می‌شوند,,,,,,
AGT-153,وقتی قرارداد نماینده را در سامانه نمایندگان امضا میکنیم…,نمایندگان,,Open,unspecified,46192,,وقتی قرارداد نماینده را در سامانه نمایندگان امضا میکنیم، مرحله ساخت ایمیل سازمانی به صورت خودکار تکمیل میشود.,,,,,,
AGT-154,رول RPM نمیتواند تاییدیه rpm را انجام دهد,نمایندگان,,Open,unspecified,46192,,رول RPM نمیتواند تاییدیه rpm را انجام دهد,,,,,,
AGT-155,کارشناس توسعه و یادگیری هیچ نماینده ای را نمیتواند ببیند,نمایندگان,,Open,unspecified,46192,,کارشناس توسعه و یادگیری هیچ نماینده ای را نمیتواند ببیند,,,,,,
AGT-156,ملزومات خریداری شده توسط نماینده در جایی نمایش داده نمیشود,نمایندگان,,Open,unspecified,46192,,ملزومات خریداری شده توسط نماینده در جایی نمایش داده نمیشود,,,,,,
AGT-157,در لیست خود ارزیابی،سوال 7 متقاضی میتواند بدون وارد کردن سمت، مرحله را تکمیل کند,نمایندگان,,Open,unspecified,46194,,در لیست خود ارزیابی،سوال 7 متقاضی میتواند بدون وارد کردن سمت، مرحله را تکمیل کند,,,,,,
AGT-158,در قسمت مراحل موازی، وقتی میخواهیم یک کالا تخصیص دهیم، کلمه (انتخاب کالا) نباید جز موارد انتخابی باشد,نمایندگان,,Open,unspecified,46194,,در قسمت مراحل موازی، وقتی میخواهیم یک کالا تخصیص دهیم، کلمه (انتخاب کالا) نباید جز موارد انتخابی باشد,,,,,,
AGT-159,در قسمت مراحل موازی،بارگذاری مدارک، ستاد، مدارک ضامن اول،مدارک ضامن دوم، مدارک قراردادی…,نمایندگان,,Open,unspecified,46194,,در قسمت مراحل موازی،بارگذاری مدارک، ستاد، مدارک ضامن اول،مدارک ضامن دوم، مدارک قراردادی، مدارک ثبتی نمایش داده نمیشود و پس از بارگذاری مدارک توسط نماینده نمایش داده میشود,,,,,,
AGT-160,مراحل موازی، ستاد، مدارک ثبتی، مدرک اختیاری به صورت خودکار بارگذاری میشود,نمایندگان,,Open,unspecified,46194,,مراحل موازی، ستاد، مدارک ثبتی، مدرک اختیاری به صورت خودکار بارگذاری میشود,,,,,,
AGT-161,جلسه اعطای نمایندگی، وقتی یک تاریخ ست میکنیم، زودتر از تاریخ میتوان رای داد.,نمایندگان,,Open,unspecified,46194,,جلسه اعطای نمایندگی، وقتی یک تاریخ ست میکنیم، زودتر از تاریخ میتوان رای داد.,,,,,,
AGT-162,در صفحه مدیریت نقاط تماس،وقتی تعداد نمایندگان در هر تیبل 10 ردیف نمیشود…,نمایندگان,,Open,unspecified,46194,,"در صفحه مدیریت نقاط تماس،وقتی تعداد نمایندگان در هر تیبل 10 ردیف نمیشود،pagination نباید به صفحه بعد برود.
(شماره تست شده:09915401297)",,,,,,
AGT-163,در صفحه مدیریت نقاط تماس،در زیر عنوان لیست نمایندگی ها…,نمایندگان,,Open,unspecified,46194,,"در صفحه مدیریت نقاط تماس،در زیر عنوان لیست نمایندگی ها،تعداد نماینده اشتباه میباشد
(شماره تست شده:09915401297)",,,,,,
AGT-164,وقتی با یک نماینده وارد پنل میشویم،صفحه داشبورد کامل لود نمیشود,نمایندگان,,Open,unspecified,46194,,وقتی با یک نماینده وارد پنل میشویم،صفحه داشبورد کامل لود نمیشود,,,,,,
AGT-165,در صفحه طرح توجیهی وقتی تیک (استانداردسازی و تجهیزات یکجا از نماینده قبلی خریداری شده است)را میزنیم…,نمایندگان,,Open,unspecified,46194,,در صفحه طرح توجیهی وقتی تیک (استانداردسازی و تجهیزات یکجا از نماینده قبلی خریداری شده است)را میزنیم،طبق پیامی که مبنی بر وارد کردن جداگانه اقلام ذکر شده میباشد،میتوان مبلغ لوازم بسته بندی را وارد کرد(لوازم بسته بندی جز اقلام ذکر شده نمیباشد.),,,,,,
AGT-166,در مرحله تایید ملک، وقتی متقاضی مشخصات 2 ملک را وارد میکند،و ملک دوم تایید شود…,نمایندگان,,Open,unspecified,46194,,در مرحله تایید ملک، وقتی متقاضی مشخصات 2 ملک را وارد میکند،و ملک دوم تایید شود، انداره بر ورودی ملک اول در قسمت استانداردسازی،ارسال تصاویر ملک نمایش داده میشود.,,,,,,
OMS-001,وقتی با حساب کاربری که ساخته شده است وارد سامانه میشویم،در قسمت پروفایل اطلاعاتی نمایش داده نمیشود.,مدیریت سفارشات,پروفایل کاربری,Open,unspecified,1405/05/18,,وقتی با حساب کاربری که ساخته شده است وارد سامانه میشویم،در قسمت پروفایل اطلاعاتی نمایش داده نمیشود.,,,,,,
OMS-002,نام حساب کاربری،نام و نام خانوادگی ساخته شده نمیباشد.به نام حساب کاربری نمایش داده میشود,مدیریت سفارشات,پروفایل کاربری,Open,unspecified,1405/05/18,,نام حساب کاربری،نام و نام خانوادگی ساخته شده نمیباشد.به نام حساب کاربری نمایش داده میشود,,,,,,
OMS-003,ویرایش اطلاعات حساب کاربری کار نمیکند.,مدیریت سفارشات,پروفایل کاربری,Open,unspecified,1405/05/18,,ویرایش اطلاعات حساب کاربری کار نمیکند.,,,,,,
OMS-004,بر اساس یوزر استوری، سامانه باید یک نام کاربری و رمز عبور اولیه برای اکانت ساخته شده تولید کند اما در سام…,مدیریت سفارشات,پروفایل کاربری,Open,unspecified,1405/05/18,,بر اساس یوزر استوری، سامانه باید یک نام کاربری و رمز عبور اولیه برای اکانت ساخته شده تولید کند اما در سامانه چنین چیزی وجود ندارد و فقط با OTP وارد میشود.,,,,,,
OMS-005,اگر شماره موبایلی در سامانه ثبت نام نشده باشد،پس از وارد کردن otp ارور میده…,مدیریت سفارشات,پروفایل کاربری,Open,unspecified,1405/05/18,,اگر شماره موبایلی در سامانه ثبت نام نشده باشد،پس از وارد کردن otp ارور میده،در صورتی که باید در همان صفحه وارد کردن شماره موبایل ارور دهد و همچنین ارور مناسب نمایش داده شود,,,,,,
OMS-006,سرچ کار نمیکند.,مدیریت سفارشات,مدیریت کاربران,Open,unspecified,1405/05/18,,سرچ کار نمیکند.,,,,,,
OMS-007,مدیر ایجاد کننده کاربر، در لیست نمایش داده نمیشود.,مدیریت سفارشات,مدیریت کاربران,Open,unspecified,1405/05/18,,مدیر ایجاد کننده کاربر، در لیست نمایش داده نمیشود.,,,,,,
OMS-008,سرچ کار نمیکند.,مدیریت سفارشات,مدیریت سفارشات,Open,unspecified,1405/05/18,,سرچ کار نمیکند.,,,,,,
OMS-009,وقتی بر روی همگام سازی کلیک میکنم bad request error دریافت میکنیم,مدیریت سفارشات,لیست نماینده/پیمانکار,Open,unspecified,1405/05/18,,وقتی بر روی همگام سازی کلیک میکنم bad request error دریافت میکنیم,,,,,,
OMS-010,سرچ کار نمیکند.,مدیریت سفارشات,لیست نماینده/پیمانکار,Open,unspecified,1405/05/18,,سرچ کار نمیکند.,,,,,,
OMS-011,فیلتر کار نمیکند,مدیریت سفارشات,لیست نماینده/پیمانکار,Open,unspecified,1405/05/18,,فیلتر کار نمیکند,,,,,,
OMS-012,موقعیت فرستنده و گیرنده بر روی نقشه اشتباه نمایش داده میشود,مدیریت سفارشات,رهگیری,Open,unspecified,1405/05/18,,موقعیت فرستنده و گیرنده بر روی نقشه اشتباه نمایش داده میشود,,,,,,
OMS-013,کاربر غیر فعال میتواند وارد سامانه شود,مدیریت سفارشات,رهگیری,Open,unspecified,1405/05/26,,کاربر غیر فعال میتواند وارد سامانه شود,,,,,,
OMS-014,هنگام کلیک بر روی دکمه ثبت تغییرات برای فعال یا غیر فعال کردن کاربر…,مدیریت سفارشات,رهگیری,Open,unspecified,1405/05/26,,هنگام کلیک بر روی دکمه ثبت تغییرات برای فعال یا غیر فعال کردن کاربر،ارور وارد کردن کد ملی میدهد ولی گزینه فعال یا غیر فعال کردن کاربر کار میکند,,,,,,
OMS-015,در قسمت رهگیری، وقتی یک شماره سفارش را وارد میکنیم صفحه از وسط لود میشود.,مدیریت سفارشات,رهگیری,Open,unspecified,1405/05/26,,در قسمت رهگیری، وقتی یک شماره سفارش را وارد میکنیم صفحه از وسط لود میشود.,,,,,,
OMS-016,رهگیری دکمه جستجو ندارد,مدیریت سفارشات,رهگیری,Open,unspecified,1405/05/26,,رهگیری دکمه جستجو ندارد,,,,,,
OMS-017,در قسمت رهگیری،وقتی دکمه بارکدها را میزنیم، UI فیکس نمیباشد,مدیریت سفارشات,رهگیری,Open,unspecified,1405/05/26,,در قسمت رهگیری،وقتی دکمه بارکدها را میزنیم، UI فیکس نمیباشد,,,,,,
OMS-018,وقتی چاپ بارکد را میزنیم، در بارکد چاپ شده ادرس سامانه وجود دارد,مدیریت سفارشات,رهگیری,Open,unspecified,1405/05/26,,وقتی چاپ بارکد را میزنیم، در بارکد چاپ شده ادرس سامانه وجود دارد,,,,,,
OMS-019,قسمت مدیریت سفارشات، وقتی مشاهده یک سفارش را میزنیم…,مدیریت سفارشات,رهگیری,Open,unspecified,1405/05/26,,قسمت مدیریت سفارشات، وقتی مشاهده یک سفارش را میزنیم، نقشه لود نمیشود و وضعیت رهگیری سفارش در پایین صفحه ارور(خطا در دریافت اطلاعات رهگیری)میدهد.,,,,,,
OMS-020,مدیریت کاربران،ویرایش کاربر،پس از تغییر سطح دسترسی،تغییری پیدا نمیکند,مدیریت سفارشات,رهگیری,Open,unspecified,1405/05/26,,مدیریت کاربران،ویرایش کاربر،پس از تغییر سطح دسترسی،تغییری پیدا نمیکند,,,,,,
OMS-021,مدیریت کاربران،ویرایش کاربر،مدیریت دسترسی با هیچ سطح دسترسی قابل تغییر نیست,مدیریت سفارشات,رهگیری,Open,unspecified,1405/05/26,,مدیریت کاربران،ویرایش کاربر،مدیریت دسترسی با هیچ سطح دسترسی قابل تغییر نیست,,,,,,
OMS-022,مدیریت کاربران، ویرایش کاربر،کد ملی ذخیره نمیشود و برای هرگونه ثبت تغییرات باید کد ملی وارد شود.,مدیریت سفارشات,رهگیری,Open,unspecified,1405/05/26,,مدیریت کاربران، ویرایش کاربر،کد ملی ذخیره نمیشود و برای هرگونه ثبت تغییرات باید کد ملی وارد شود.,,,,,,
OMS-023,مدیریت کاربران،ویرایش کاربر،دکمه ویرایش در بالای صفحه اکشنی ندارد,مدیریت سفارشات,رهگیری,Open,unspecified,1405/05/26,,مدیریت کاربران،ویرایش کاربر،دکمه ویرایش در بالای صفحه اکشنی ندارد,,,,,,
OMS-024,مدیریت کاربران،ویرایش کاربر،وقتی شناسه سازمانی را تغییر میدهیم ثبت تغییرات ارور میدهد,مدیریت سفارشات,رهگیری,Open,unspecified,1405/05/26,,مدیریت کاربران،ویرایش کاربر،وقتی شناسه سازمانی را تغییر میدهیم ثبت تغییرات ارور میدهد,,,,,,
OMS-025,لیست نماینده/پیمانکار، فیلتر ندارد,مدیریت سفارشات,رهگیری,Open,unspecified,1405/05/26,,لیست نماینده/پیمانکار، فیلتر ندارد,,,,,,
OMS-026,طبق یوزر استوری،مدیر باید بتواند اطلاعات پیمانکاران را به روز یا تعریف کند…,مدیریت سفارشات,رهگیری,Open,unspecified,1405/05/26,,طبق یوزر استوری،مدیر باید بتواند اطلاعات پیمانکاران را به روز یا تعریف کند.اما در سامانه چنین امکانی وجود ندارد.,,,,,,
OMS-027,صفحه مدیریت سفارشات، ستون ردیف وجود ندارد,مدیریت سفارشات,رهگیری,Open,unspecified,1405/05/26,,صفحه مدیریت سفارشات، ستون ردیف وجود ندارد,,,,,,
OMS-028,صفحه مدیریت سفارشات، فیلتر وجود ندارد,مدیریت سفارشات,رهگیری,Open,unspecified,1405/05/26,,صفحه مدیریت سفارشات، فیلتر وجود ندارد,,,,,,
OMS-029,صفحه مدیریت سفارشات، وقتی وارد صفحه ویرایش یا مشاهده یک سفارش میشویم و بک میزنیم…,مدیریت سفارشات,رهگیری,Open,unspecified,1405/05/26,,صفحه مدیریت سفارشات، وقتی وارد صفحه ویرایش یا مشاهده یک سفارش میشویم و بک میزنیم،وارد صفحه مدیریت کاربران میشود.,,,,,,
OMS-030,مدیریت سفارشات، دانلود گزارش ارور میدهد,مدیریت سفارشات,رهگیری,Open,unspecified,1405/05/26,,مدیریت سفارشات، دانلود گزارش ارور میدهد,,,,,,
OMS-031,قواعد خاص فیلتر ندراد.,مدیریت سفارشات,رهگیری,Open,unspecified,1405/05/26,,قواعد خاص فیلتر ندراد.,,,,,,
OMS-032,قواعد خاص سرچ کار نمیکند.,مدیریت سفارشات,رهگیری,Open,unspecified,1405/05/26,,قواعد خاص سرچ کار نمیکند.,,,,,,
OMS-033,قواعد خاص، افزودن قاعده،وقتی اولین الگو را انتخاب میکنیم،(تهران/ای تیپاکس/تحویل همان روز-پاکت-لاکر)…,مدیریت سفارشات,رهگیری,Open,unspecified,1405/05/26,,قواعد خاص، افزودن قاعده،وقتی اولین الگو را انتخاب میکنیم،(تهران/ای تیپاکس/تحویل همان روز-پاکت-لاکر)،دامنه قاعده به قاعده خاص تغییر پیدا میکند,,,,,,
OMS-034,صفحه لاگ فعالیت ها و مانیتورینگ، سرچ ارور میدهد,مدیریت سفارشات,رهگیری,Open,unspecified,1405/05/26,,صفحه لاگ فعالیت ها و مانیتورینگ، سرچ ارور میدهد,,,,,,
OMS-035,صفحه لاگ فعالیت ها و مانیتورینگ، فیلتر ندارد,مدیریت سفارشات,رهگیری,Open,unspecified,1405/05/26,,صفحه لاگ فعالیت ها و مانیتورینگ، فیلتر ندارد,,,,,,
OMS-036,تخصیص دستی سفارشات،سفارش تخصیص داده شده به یک نماینده جایی نمایش داده نمیشود,مدیریت سفارشات,رهگیری,Open,unspecified,1405/05/26,,تخصیص دستی سفارشات،سفارش تخصیص داده شده به یک نماینده جایی نمایش داده نمیشود,,,,,,
OMS-037,تخصیص دستی سفارشات، سرچ کار نمیکند.بعد از مدتی صفحه ارور خطای سرور هم میدهد,مدیریت سفارشات,رهگیری,Open,unspecified,1405/05/26,,تخصیص دستی سفارشات، سرچ کار نمیکند.بعد از مدتی صفحه  ارور خطای سرور هم میدهد,,,,,,
OMS-038,تخصیص دستی سفارشات، تاریخ ندارد,مدیریت سفارشات,رهگیری,Open,unspecified,1405/05/26,,تخصیص دستی سفارشات، تاریخ ندارد,,,,,,
OMS-039,تخصیص دستی سفارشات، فیلتر ندارد,مدیریت سفارشات,رهگیری,Open,unspecified,1405/05/26,,تخصیص دستی سفارشات، فیلتر ندارد,,,,,,
OMS-040,طبق تست سناریو از پیش نوشته شده،کاربر باید بتواند با کلیک بر روی یک ردیف از جدول قواعد خاص…,مدیریت سفارشات,رهگیری,Open,unspecified,1405/05/26,,طبق تست سناریو از پیش نوشته شده،کاربر باید بتواند با کلیک بر روی یک ردیف از جدول قواعد خاص، ان را جابجا کند و ترتیب را عوض کند.,,,,,,
